Timestamp,Requests_Last_5s,CPU_Usage(%),Memory_Usage(%),Avg_Response_Time(ms),Thread_Utilization(%),Requests_Per_Second,Load_Level
4,0,0.00,0.28,0.00,0.00,0.00,Low
5006,1,0.00,0.31,102.00,0.00,0.20,Low
10005,17,0.00,0.74,101.71,0.00,3.40,Low
15005,17,0.00,1.17,95.35,2.00,3.40,Low
20005,16,0.00,1.55,107.94,0.00,3.20,Low
25005,17,0.00,1.55,95.41,2.00,3.40,Low
30004,16,0.00,1.55,107.69,0.00,3.20,Low
35005,18,0.00,1.55,95.89,2.00,3.60,Low
40006,50,0.00,1.55,101.24,2.00,10.00,Low
45005,49,0.00,1.55,101.06,2.00,9.80,Low
50005,50,0.00,1.55,101.10,2.00,10.00,Low
55005,49,0.00,1.55,101.31,2.00,9.80,Low
60005,50,0.00,1.55,101.00,2.00,10.00,Low
65005,49,0.00,1.60,101.02,2.00,9.80,Low
70005,50,0.00,1.63,100.84,2.00,10.00,Low
75005,50,0.00,1.63,100.96,2.00,10.00,Low
80005,49,0.00,1.65,101.06,2.00,9.80,Low
85005,50,0.00,1.65,100.92,2.00,10.00,Low
90005,49,0.00,1.65,101.12,2.00,9.80,Low
95005,55,0.00,1.65,93.67,10.00,11.00,Medium
100005,240,0.00,1.65,100.70,10.00,48.00,High
105006,241,0.00,1.65,100.84,10.00,48.20,High
110005,242,0.00,1.83,100.74,10.00,48.40,High
115005,241,0.00,0.74,100.79,10.00,48.20,High
120006,240,0.00,0.79,100.73,10.00,48.00,High
125005,242,0.00,0.80,100.77,10.00,48.40,High
130006,241,0.00,1.13,100.68,10.00,48.20,High
135005,241,0.00,1.55,100.56,10.00,48.20,High
140005,241,0.00,1.62,100.56,10.00,48.20,High
145005,242,0.00,1.85,100.72,10.00,48.40,High
150005,241,0.00,2.02,100.65,10.00,48.20,High
155005,235,0.00,2.32,102.91,0.00,47.00,High
160005,12,0.00,2.33,100.67,0.00,2.40,Low
165005,13,0.00,2.36,101.15,0.00,2.60,Low
170005,12,0.00,2.36,100.50,0.00,2.40,Low
175005,13,0.00,2.36,93.00,2.00,2.60,Low
180005,12,0.00,2.37,109.25,0.00,2.40,Low
185006,12,0.00,2.37,101.08,0.00,2.40,Low
190005,0,0.00,2.37,0.00,0.00,0.00,Low
195005,0,0.00,2.37,0.00,0.00,0.00,Low
200006,0,0.00,2.37,0.00,0.00,0.00,Low
205005,0,0.00,2.37,0.00,0.00,0.00,Low
210005,0,0.00,2.37,0.00,0.00,0.00,Low
215005,0,0.00,2.37,0.00,0.00,0.00,Low
220005,0,0.00,2.37,0.00,0.00,0.00,Low
225005,0,0.00,2.37,0.00,0.00,0.00,Low
230005,0,0.00,2.37,0.00,0.00,0.00,Low
235005,0,0.00,2.37,0.00,0.00,0.00,Low
240006,0,0.00,2.37,0.00,0.00,0.00,Low
245005,0,0.00,2.37,0.00,0.00,0.00,Low
250005,0,0.00,2.37,0.00,0.00,0.00,Low
255005,0,0.00,2.37,0.00,0.00,0.00,Low
260005,0,0.00,2.37,0.00,0.00,0.00,Low
265005,0,0.00,2.37,0.00,0.00,0.00,Low
270005,0,0.00,2.37,0.00,0.00,0.00,Low
275006,0,0.00,2.38,0.00,0.00,0.00,Low
280005,0,0.00,2.38,0.00,0.00,0.00,Low
285005,0,0.00,2.38,0.00,0.00,0.00,Low
290005,0,0.00,2.38,0.00,0.00,0.00,Low
295005,0,0.00,2.38,0.00,0.00,0.00,Low
300005,0,0.00,2.38,0.00,0.00,0.00,Low
305005,0,0.00,2.38,0.00,0.00,0.00,Low
310005,0,0.00,2.38,0.00,0.00,0.00,Low
315005,0,0.00,2.38,0.00,0.00,0.00,Low
320005,0,0.00,2.38,0.00,0.00,0.00,Low
325005,0,0.00,2.38,0.00,0.00,0.00,Low
330005,0,0.00,2.38,0.00,0.00,0.00,Low
335005,0,0.00,2.38,0.00,0.00,0.00,Low
340005,0,0.00,2.38,0.00,0.00,0.00,Low
345005,0,0.00,2.38,0.00,0.00,0.00,Low
350005,0,0.00,2.38,0.00,0.00,0.00,Low
355006,0,0.00,2.38,0.00,0.00,0.00,Low
360005,0,0.00,2.38,0.00,0.00,0.00,Low
365006,0,0.00,2.38,0.00,0.00,0.00,Low
370005,0,0.00,2.38,0.00,0.00,0.00,Low
375005,0,0.00,2.38,0.00,0.00,0.00,Low
380005,0,0.00,2.38,0.00,0.00,0.00,Low
385005,0,0.00,2.38,0.00,0.00,0.00,Low
390005,0,0.00,2.38,0.00,0.00,0.00,Low
395005,0,0.00,2.38,0.00,0.00,0.00,Low
400005,0,0.00,2.38,0.00,0.00,0.00,Low
405006,0,0.00,2.38,0.00,0.00,0.00,Low
410005,0,0.00,2.38,0.00,0.00,0.00,Low
415005,0,0.00,2.38,0.00,0.00,0.00,Low
420005,0,0.00,2.38,0.00,0.00,0.00,Low
425005,0,0.00,2.38,0.00,0.00,0.00,Low
430005,0,0.00,2.38,0.00,0.00,0.00,Low
435005,0,0.00,2.38,0.00,0.00,0.00,Low
440005,0,0.00,2.38,0.00,0.00,0.00,Low
445005,0,0.00,2.38,0.00,0.00,0.00,Low
450005,0,0.00,2.38,0.00,0.00,0.00,Low
455006,0,0.00,2.38,0.00,0.00,0.00,Low
460005,0,0.00,2.38,0.00,0.00,0.00,Low
465005,0,0.00,2.39,0.00,0.00,0.00,Low
470006,0,0.00,2.39,0.00,0.00,0.00,Low
475005,0,0.00,2.39,0.00,0.00,0.00,Low
480006,0,0.00,2.39,0.00,0.00,0.00,Low
485006,0,0.00,2.39,0.00,0.00,0.00,Low
490006,0,0.00,2.39,0.00,0.00,0.00,Low
495005,0,0.00,2.39,0.00,0.00,0.00,Low
500005,0,0.00,2.39,0.00,0.00,0.00,Low
505005,0,0.00,2.39,0.00,0.00,0.00,Low
510005,0,0.00,2.39,0.00,0.00,0.00,Low
515005,0,0.00,2.39,0.00,0.00,0.00,Low
520005,0,0.00,2.39,0.00,0.00,0.00,Low
525005,0,0.00,2.39,0.00,0.00,0.00,Low
530005,0,0.00,2.39,0.00,0.00,0.00,Low
535005,0,0.00,2.39,0.00,0.00,0.00,Low
540005,0,0.00,2.39,0.00,0.00,0.00,Low
545005,0,0.00,2.39,0.00,0.00,0.00,Low
550005,0,0.00,2.39,0.00,0.00,0.00,Low
555005,0,0.00,2.39,0.00,0.00,0.00,Low
560005,0,0.00,2.39,0.00,0.00,0.00,Low
565004,0,0.00,2.39,0.00,0.00,0.00,Low
570005,0,0.00,2.39,0.00,0.00,0.00,Low
575005,0,0.00,2.39,0.00,0.00,0.00,Low
580006,0,0.00,2.39,0.00,0.00,0.00,Low
585005,0,0.00,2.39,0.00,0.00,0.00,Low
590006,0,0.00,2.39,0.00,0.00,0.00,Low
595006,0,0.00,2.39,0.00,0.00,0.00,Low
600006,0,0.00,2.39,0.00,0.00,0.00,Low
605005,0,0.00,2.39,0.00,0.00,0.00,Low
610005,0,0.00,2.39,0.00,0.00,0.00,Low
615005,0,0.00,2.39,0.00,0.00,0.00,Low
620005,0,0.00,2.39,0.00,0.00,0.00,Low
625005,0,0.00,2.39,0.00,0.00,0.00,Low
630005,0,0.00,2.39,0.00,0.00,0.00,Low
635006,0,0.00,2.39,0.00,0.00,0.00,Low
640069,0,0.00,2.39,0.00,0.00,0.00,Low
645005,0,0.00,2.39,0.00,0.00,0.00,Low
650006,0,0.00,2.39,0.00,0.00,0.00,Low
655005,0,0.00,2.39,0.00,0.00,0.00,Low
660005,0,0.00,2.39,0.00,0.00,0.00,Low
665005,0,0.00,2.39,0.00,0.00,0.00,Low
670005,0,0.00,2.39,0.00,0.00,0.00,Low
675005,0,0.00,2.39,0.00,0.00,0.00,Low
680005,0,0.00,2.39,0.00,0.00,0.00,Low
685005,0,0.00,2.39,0.00,0.00,0.00,Low
690005,0,0.00,2.39,0.00,0.00,0.00,Low
695005,0,0.00,2.39,0.00,0.00,0.00,Low
700005,0,0.00,2.39,0.00,0.00,0.00,Low
705005,0,0.00,2.39,0.00,0.00,0.00,Low
710005,0,0.00,2.39,0.00,0.00,0.00,Low
715005,0,0.00,2.39,0.00,0.00,0.00,Low
720005,0,0.00,2.39,0.00,0.00,0.00,Low
725005,0,0.00,2.39,0.00,0.00,0.00,Low
730005,0,0.00,2.39,0.00,0.00,0.00,Low
735005,0,0.00,2.41,0.00,0.00,0.00,Low
740005,0,0.00,2.41,0.00,0.00,0.00,Low
745005,0,0.00,2.41,0.00,0.00,0.00,Low
750005,0,0.00,2.41,0.00,0.00,0.00,Low
755005,0,0.00,2.41,0.00,0.00,0.00,Low
760005,0,0.00,2.41,0.00,0.00,0.00,Low
765005,0,0.00,2.41,0.00,0.00,0.00,Low
770005,0,0.00,2.41,0.00,0.00,0.00,Low
775006,0,0.00,2.41,0.00,0.00,0.00,Low
780005,0,0.00,2.41,0.00,0.00,0.00,Low
785005,0,0.00,2.41,0.00,0.00,0.00,Low
790005,0,0.00,2.41,0.00,0.00,0.00,Low
795005,0,0.00,2.41,0.00,0.00,0.00,Low
800005,0,0.00,2.41,0.00,0.00,0.00,Low
805006,0,0.00,2.41,0.00,0.00,0.00,Low
Timestamp,Requests_Last_5s,CPU_Usage(%),Memory_Usage(%),Avg_Response_Time(ms),Thread_Utilization(%),Requests_Per_Second,Load_Level
8,0,0.00,0.28,0.00,0.00,0.00,Low
5008,0,0.00,0.28,0.00,0.00,0.00,Low
10008,0,0.00,0.28,0.00,0.00,0.00,Low
15007,12,0.00,0.59,101.17,0.00,2.40,Low
20007,13,0.00,0.92,93.08,2.00,2.60,Low
25007,12,0.00,1.22,109.58,0.00,2.40,Low
30008,13,0.00,1.55,93.15,2.00,2.60,Low
35007,12,0.00,1.55,108.92,0.00,2.40,Low
40007,13,0.00,1.55,93.08,2.00,2.60,Low
45007,223,0.00,1.60,98.79,10.00,44.60,High
50007,241,0.00,1.68,100.55,10.00,48.20,High
55007,242,0.00,1.68,100.53,10.00,48.40,High
60007,241,0.00,1.68,100.57,10.00,48.20,High
65007,242,0.00,1.68,100.38,10.00,48.40,High
70007,243,0.00,0.49,100.40,10.00,48.60,High
75007,242,0.00,0.76,100.38,10.00,48.40,High
80007,241,0.00,0.81,100.42,10.00,48.20,High
85007,243,0.00,1.02,100.48,10.00,48.60,High
90007,242,0.00,1.42,100.56,10.00,48.40,High
95007,242,0.00,1.47,100.84,8.00,48.40,High
100007,243,0.00,1.68,100.07,10.00,48.60,High
105007,34,0.00,1.70,112.15,2.00,6.80,Low
110007,16,0.00,1.73,106.56,0.00,3.20,Low
115007,17,0.00,1.74,100.41,0.00,3.40,Low
120007,17,0.00,1.78,94.53,2.00,3.40,Low
125007,16,0.00,1.83,106.81,0.00,3.20,Low
130007,17,0.00,1.97,100.47,0.00,3.40,Low
135007,47,0.00,2.02,98.28,2.00,9.40,Low
140008,49,0.00,2.04,100.51,2.00,9.80,Low
145007,50,0.00,2.09,100.48,2.00,10.00,Low
150007,49,0.00,2.14,100.39,2.00,9.80,Low
155007,50,0.00,2.14,100.54,2.00,10.00,Low
160007,50,0.00,2.15,100.34,2.00,10.00,Low
165007,50,0.00,2.16,100.24,2.00,10.00,Low
170007,49,0.00,2.18,100.20,2.00,9.80,Low
175007,50,0.00,2.18,100.34,2.00,10.00,Low
180008,49,0.00,2.19,100.65,2.00,9.80,Low
185007,50,0.00,2.22,100.60,2.00,10.00,Low
190008,49,0.00,2.33,100.47,2.00,9.80,Low
195007,5,0.00,2.33,120.80,0.00,1.00,Low
200008,45,0.00,2.36,98.31,2.00,9.00,Low
205007,50,0.00,2.43,100.38,2.00,10.00,Low
210009,49,0.00,2.49,100.33,2.00,9.80,Low
215007,50,0.00,2.62,100.46,2.00,10.00,Low
220007,50,0.00,2.68,100.32,2.00,10.00,Low
225008,49,0.00,2.74,100.18,2.00,9.80,Low
230008,50,0.00,2.79,100.42,2.00,10.00,Low
235007,50,0.00,2.79,100.34,2.00,10.00,Low
240007,49,0.00,2.81,100.41,2.00,9.80,Low
245007,50,0.00,2.83,100.50,2.00,10.00,Low
250009,50,0.00,2.86,100.20,2.00,10.00,Low
255008,49,0.00,2.86,100.35,2.00,9.80,Low
260007,17,0.00,2.86,100.24,2.00,3.40,Low
265008,12,0.00,2.86,108.75,0.00,2.40,Low
270007,13,0.00,2.86,92.69,2.00,2.60,Low
275007,12,0.00,2.88,108.67,0.00,2.40,Low
280007,13,0.00,2.89,92.46,2.00,2.60,Low
285007,12,0.00,2.89,108.75,0.00,2.40,Low
290007,216,0.00,0.62,98.11,10.00,43.20,High
295007,242,0.00,0.64,100.36,10.00,48.40,High
300007,242,0.00,1.10,100.38,10.00,48.40,High
305007,241,0.00,1.17,100.37,10.00,48.20,High
310007,243,0.00,1.27,100.38,10.00,48.60,High
315007,243,0.00,1.71,100.39,10.00,48.60,High
320007,243,0.00,1.75,100.38,10.00,48.60,High
325007,244,0.00,1.97,100.33,10.00,48.80,High
330007,243,0.00,2.29,100.33,10.00,48.60,High
335008,244,0.00,2.35,100.36,10.00,48.80,High
340007,244,0.00,2.75,100.29,10.00,48.80,High
345008,242,0.00,2.91,100.36,10.00,48.40,High
350007,42,0.00,2.92,112.36,0.00,8.40,Low
355007,17,0.00,2.92,94.47,2.00,3.40,Low
360007,16,0.00,2.92,106.69,0.00,3.20,Low
365007,17,0.00,2.94,100.41,0.00,3.40,Low
370007,17,0.00,2.94,94.59,2.00,3.40,Low
375007,16,0.00,2.94,106.69,0.00,3.20,Low
380007,2,0.00,2.94,100.50,0.00,0.40,Low
385007,211,0.00,3.16,97.98,10.00,42.20,High
390008,242,0.00,3.49,100.33,10.00,48.40,High
395008,243,0.00,3.54,100.31,10.00,48.60,High
400007,243,0.00,0.53,100.25,10.00,48.60,High
405007,242,0.00,0.56,100.76,8.00,48.40,High
410007,243,0.00,0.96,99.88,10.00,48.60,High
415007,242,0.00,1.01,100.31,10.00,48.40,High
420007,243,0.00,1.42,100.30,10.00,48.60,High
425007,243,0.00,1.48,100.34,10.00,48.60,High
430007,242,0.00,1.86,100.30,10.00,48.40,High
435007,242,0.00,1.93,100.32,10.00,48.40,High
440007,243,0.00,2.31,100.35,10.00,48.60,High
445007,42,0.00,2.33,112.07,0.00,8.40,Low
450007,13,0.00,2.33,100.54,0.00,2.60,Low
455008,12,0.00,2.33,100.42,0.00,2.40,Low
460007,13,0.00,2.33,100.15,0.00,2.60,Low
465007,12,0.00,2.33,100.58,0.00,2.40,Low
470007,13,0.00,2.33,92.62,2.00,2.60,Low
475007,16,0.00,2.33,100.56,2.00,3.20,Low
480007,16,0.00,2.34,106.38,0.00,3.20,Low
485007,17,0.00,2.34,100.35,0.00,3.40,Low
490007,17,0.00,2.34,94.59,2.00,3.40,Low
495007,16,0.00,2.34,106.50,0.00,3.20,Low
500007,17,0.00,2.34,100.35,0.00,3.40,Low
505007,44,0.00,2.37,97.95,2.00,8.80,Low
510008,50,0.00,2.41,100.18,2.00,10.00,Low
515007,50,0.00,2.44,100.26,2.00,10.00,Low
520007,49,0.00,2.55,100.27,2.00,9.80,Low
525008,50,0.00,2.64,100.22,2.00,10.00,Low
530007,50,0.00,2.73,100.32,2.00,10.00,Low
535007,49,0.00,2.75,100.41,2.00,9.80,Low
540007,50,0.00,2.78,100.36,2.00,10.00,Low
545007,50,0.00,2.79,100.44,2.00,10.00,Low
550007,49,0.00,2.79,100.12,2.00,9.80,Low
555008,50,0.00,2.80,100.24,2.00,10.00,Low
560007,50,0.00,2.85,100.24,2.00,10.00,Low
565007,7,0.00,2.85,114.43,0.00,1.40,Low
570007,205,0.00,3.18,97.97,10.00,41.00,High
575007,243,0.00,3.28,100.34,10.00,48.60,High
580007,243,0.00,3.59,100.31,10.00,48.60,High
585007,243,0.00,3.73,100.32,10.00,48.60,High
590007,242,0.00,0.43,100.38,10.00,48.40,High
595007,243,0.00,0.47,100.31,10.00,48.60,High
600007,242,0.00,0.70,100.36,10.00,48.40,High
605007,242,0.00,1.04,100.38,10.00,48.40,High
610007,242,0.00,1.13,100.36,10.00,48.40,High
615007,242,0.00,1.42,100.38,10.00,48.40,High
620007,241,0.00,1.66,100.40,10.00,48.20,High
625007,241,0.00,1.78,100.47,10.00,48.20,High
630008,53,0.00,1.82,109.81,0.00,10.60,Medium
635007,17,0.00,1.83,100.41,0.00,3.40,Low
640008,17,0.00,1.84,94.71,2.00,3.40,Low
645007,16,0.00,1.86,106.69,0.00,3.20,Low
650008,17,0.00,1.88,100.41,0.00,3.40,Low
655007,17,0.00,1.92,94.35,2.00,3.40,Low
660007,13,0.00,1.95,108.46,0.00,2.60,Low
665008,12,0.00,1.96,100.58,0.00,2.40,Low
670007,13,0.00,1.99,92.85,2.00,2.60,Low
675008,12,0.00,2.00,108.83,0.00,2.40,Low
680007,13,0.00,2.03,93.00,2.00,2.60,Low
685006,12,0.00,2.04,108.83,0.00,2.40,Low
690007,43,0.00,2.10,97.93,2.00,8.60,Low
695007,50,0.00,2.18,100.28,2.00,10.00,Low
700007,49,0.00,2.22,100.22,2.00,9.80,Low
705007,50,0.00,2.25,100.24,2.00,10.00,Low
710007,50,0.00,2.28,100.40,2.00,10.00,Low
715007,49,0.00,2.29,100.27,2.00,9.80,Low
720007,50,0.00,2.33,100.42,2.00,10.00,Low
725007,49,0.00,2.34,100.65,2.00,9.80,Low
730008,50,0.00,2.37,100.50,2.00,10.00,Low
735007,50,0.00,2.41,100.44,2.00,10.00,Low
740008,49,0.00,2.44,100.41,2.00,9.80,Low
745007,50,0.00,2.52,100.38,2.00,10.00,Low
750007,9,0.00,2.53,112.00,0.00,1.80,Low
755007,194,0.00,2.80,97.86,10.00,38.80,High
760007,241,0.00,2.95,100.39,10.00,48.20,High
765007,241,0.00,3.13,100.50,10.00,48.20,High
770008,243,0.00,3.45,100.47,10.00,48.60,High
775007,242,0.00,3.58,100.49,10.00,48.40,High
780007,241,0.00,3.78,101.39,8.00,48.20,High
785007,230,0.00,0.36,111.98,10.00,46.00,High
790008,242,0.00,0.54,100.40,10.00,48.40,High
795007,243,0.00,0.84,100.40,10.00,48.60,High
800007,242,0.00,0.97,100.32,10.00,48.40,High
805008,242,0.00,0.18,100.45,10.00,48.40,High
810007,242,0.00,0.40,100.39,10.00,48.40,High
815007,61,0.00,0.45,107.16,2.00,12.20,Medium
820007,16,0.00,0.46,106.88,0.00,3.20,Low
825007,17,0.00,0.48,100.53,0.00,3.40,Low
830008,17,0.00,0.50,94.71,2.00,3.40,Low
835008,16,0.00,0.51,106.88,0.00,3.20,Low
840007,17,0.00,0.53,100.59,0.00,3.40,Low
845007,13,0.00,0.54,100.46,0.00,2.60,Low
850007,13,0.00,0.55,100.85,0.00,2.60,Low
855007,12,0.00,0.56,100.25,0.00,2.40,Low
860007,13,0.00,0.58,93.15,2.00,2.60,Low
865007,12,0.00,0.59,108.67,0.00,2.40,Low
870008,13,0.00,0.60,93.00,2.00,2.60,Low
875007,41,0.00,0.63,100.44,2.00,8.20,Low
880008,50,0.00,0.68,100.28,2.00,10.00,Low
885006,49,0.00,0.73,100.49,2.00,9.80,Low
890007,50,0.00,0.77,100.52,2.00,10.00,Low
895007,49,0.00,0.81,100.37,2.00,9.80,Low
900007,50,0.00,0.86,100.38,2.00,10.00,Low
905007,50,0.00,0.90,100.44,2.00,10.00,Low
910008,49,0.00,0.94,100.47,2.00,9.80,Low
915007,50,0.00,0.99,100.62,2.00,10.00,Low
920007,49,0.00,1.04,100.35,2.00,9.80,Low
925007,50,0.00,1.08,100.54,2.00,10.00,Low
930007,50,0.00,1.13,100.58,2.00,10.00,Low
935008,11,0.00,1.14,109.73,0.00,2.20,Low
940007,10,0.00,1.15,100.80,0.00,2.00,Low
945007,12,0.00,1.16,100.42,0.00,2.40,Low
950007,13,0.00,1.17,100.54,0.00,2.60,Low
955007,12,0.00,1.17,100.92,0.00,2.40,Low
960007,13,0.00,1.18,100.62,0.00,2.60,Low
965007,12,0.00,1.20,100.58,0.00,2.40,Low
970007,41,0.00,1.24,97.98,2.00,8.20,Low
975008,49,0.00,1.28,100.57,2.00,9.80,Low
980007,50,0.00,1.32,100.48,2.00,10.00,Low
985007,50,0.00,1.37,100.38,2.00,10.00,Low
990007,49,0.00,1.42,100.37,2.00,9.80,Low
995007,50,0.00,1.46,100.58,2.00,10.00,Low
1000009,50,0.00,1.50,100.38,2.00,10.00,Low
1005008,49,0.00,1.55,100.35,2.00,9.80,Low
1010007,50,0.00,1.59,100.46,2.00,10.00,Low
1015009,50,0.00,1.63,98.42,4.00,10.00,Low
1020007,49,0.00,1.68,102.59,2.00,9.80,Low
1025007,50,0.00,1.72,100.48,2.00,10.00,Low
1030007,193,0.00,1.90,98.55,10.00,38.60,High
1035007,242,0.00,0.17,100.60,10.00,48.40,High
1040007,242,0.00,0.37,100.48,10.00,48.40,High
1045008,241,0.00,0.57,100.93,8.00,48.20,High
1050007,243,0.00,0.80,100.02,10.00,48.60,High
1055007,241,0.00,1.00,100.98,8.00,48.20,High
1060007,241,0.00,1.24,100.69,8.00,48.20,High
1065007,241,0.00,1.44,100.03,10.00,48.20,High
1070007,241,0.00,1.65,100.66,10.00,48.20,High
1075007,241,0.00,1.87,100.54,10.00,48.20,High
1080007,243,0.00,2.09,100.37,10.00,48.60,High
1085007,242,0.00,2.31,100.31,10.00,48.40,High
1090007,75,0.00,2.37,106.04,2.00,15.00,Medium
1095007,16,0.00,2.38,106.94,0.00,3.20,Low
1100007,17,0.00,2.39,101.12,0.00,3.40,Low
1105007,17,0.00,2.41,95.06,2.00,3.40,Low
1110007,16,0.00,2.42,107.06,0.00,3.20,Low
1115007,17,0.00,2.44,95.06,2.00,3.40,Low
1120007,4,0.00,2.44,125.75,0.00,0.80,Low
1125007,9,0.00,2.45,100.67,0.00,1.80,Low
1130008,13,0.00,2.46,101.15,0.00,2.60,Low
1135007,12,0.00,2.47,101.25,0.00,2.40,Low
1140007,13,0.00,2.48,101.08,0.00,2.60,Low
1145007,12,0.00,2.49,100.92,0.00,2.40,Low
1150007,13,0.00,2.50,101.15,0.00,2.60,Low
1155008,15,0.00,2.51,100.60,0.00,3.00,Low
1160008,17,0.00,2.53,94.59,2.00,3.40,Low
1165007,16,0.00,2.55,106.81,0.00,3.20,Low
1170007,17,0.00,2.57,100.71,0.00,3.40,Low
1175008,17,0.00,2.59,94.94,2.00,3.40,Low
1180007,16,0.00,2.61,107.25,0.00,3.20,Low
1185007,39,0.00,2.63,98.44,2.00,7.80,Low
1190007,50,0.00,2.68,101.22,2.00,10.00,Low
1195007,49,0.00,2.71,100.88,2.00,9.80,Low
1200007,49,0.00,2.77,101.08,2.00,9.80,Low
1205007,50,0.00,2.82,101.16,2.00,10.00,Low
1210007,49,0.00,2.85,100.86,2.00,9.80,Low
1215007,50,0.00,2.90,100.16,2.00,10.00,Low
1220007,49,0.00,2.94,100.39,2.00,9.80,Low
1225007,50,0.00,2.98,100.84,2.00,10.00,Low
1230008,50,0.00,3.02,100.74,2.00,10.00,Low
1235007,49,0.00,3.08,100.63,2.00,9.80,Low
1240007,50,0.00,3.12,100.40,2.00,10.00,Low
1245008,178,0.00,0.20,98.54,8.00,35.60,High
1250007,245,0.00,0.45,99.80,10.00,49.00,High
1255007,244,0.00,0.66,100.23,10.00,48.80,High
1260007,244,0.00,0.86,100.26,10.00,48.80,High
1265007,244,0.00,1.08,100.29,10.00,48.80,High
1270007,244,0.00,1.30,100.67,8.00,48.80,High
1275009,245,0.00,1.52,99.94,10.00,49.00,High
1280007,245,0.00,1.76,100.29,10.00,49.00,High
1285007,244,0.00,1.95,100.33,10.00,48.80,High
1290007,243,0.00,2.17,100.35,10.00,48.60,High
1295007,244,0.00,2.38,100.31,10.00,48.80,High
1300007,245,0.00,2.60,100.28,10.00,49.00,High
1305007,83,0.00,2.67,106.33,0.00,16.60,Medium
1310007,160,0.00,2.83,97.26,10.00,32.00,High
1315007,241,0.00,3.04,100.52,10.00,48.20,High
1320007,241,0.00,3.24,100.65,10.00,48.20,High
1325007,241,0.00,3.45,100.73,10.00,48.20,High
1330007,242,0.00,3.67,100.62,10.00,48.40,High
1335007,243,0.00,0.22,100.38,10.00,48.60,High
1340008,243,0.00,0.48,100.35,10.00,48.60,High
1345007,241,0.00,0.65,100.85,8.00,48.20,High
1350007,244,0.00,0.86,99.88,10.00,48.80,High
1355007,244,0.00,1.09,100.28,10.00,48.80,High
1360007,242,0.00,1.30,100.35,10.00,48.40,High
1365007,246,0.00,1.54,100.31,10.00,49.20,High
1370007,116,0.00,1.61,103.64,2.00,23.20,High
1375007,50,0.00,1.67,100.08,2.00,10.00,Low
1380007,50,0.00,1.72,100.24,2.00,10.00,Low
1385008,49,0.00,1.78,100.98,2.00,9.80,Low
1390007,50,0.00,1.81,100.68,2.00,10.00,Low
1395007,49,0.00,1.84,100.20,2.00,9.80,Low
1400008,50,0.00,1.88,100.28,2.00,10.00,Low
1405008,50,0.00,1.93,100.30,2.00,10.00,Low
1410008,49,0.00,1.98,100.67,2.00,9.80,Low
1415007,50,0.00,2.05,100.78,2.00,10.00,Low
1420007,49,0.00,2.08,100.67,2.00,9.80,Low
1425008,50,0.00,2.11,100.84,2.00,10.00,Low
1430007,26,0.00,2.13,100.54,2.00,5.20,Low
1435007,12,0.00,2.14,108.58,0.00,2.40,Low
1440007,12,0.00,2.15,101.00,0.00,2.40,Low
1445007,13,0.00,2.16,101.08,0.00,2.60,Low
1450007,12,0.00,2.17,101.17,0.00,2.40,Low
1455007,13,0.00,2.18,101.08,0.00,2.60,Low
1460007,15,0.00,2.19,101.07,0.00,3.00,Low
1465007,17,0.00,2.21,94.94,2.00,3.40,Low
1470007,16,0.00,2.24,106.81,0.00,3.20,Low
1475008,17,0.00,2.26,94.41,2.00,3.40,Low
1480007,16,0.00,2.28,106.44,0.00,3.20,Low
1485007,17,0.00,2.29,100.35,0.00,3.40,Low
1490008,6,0.00,2.30,100.17,0.00,1.20,Low
1495008,148,0.00,2.41,97.24,10.00,29.60,High
1500008,243,0.00,2.65,100.35,10.00,48.60,High
1505007,243,0.00,2.87,100.60,10.00,48.60,High
1510007,241,0.00,3.07,100.75,10.00,48.20,High
1515007,241,0.00,3.28,100.65,10.00,48.20,High
1520008,241,0.00,3.49,100.69,10.00,48.20,High
1525007,241,0.00,3.71,100.75,10.00,48.20,High
1530007,241,0.00,0.27,100.73,10.00,48.20,High
1535007,239,0.00,0.46,101.32,8.00,47.80,High
1540007,242,0.00,0.70,100.16,10.00,48.40,High
1545007,243,0.00,0.90,100.32,10.00,48.60,High
1550008,245,0.00,1.13,100.35,10.00,49.00,High
1555008,105,0.00,1.23,104.10,2.00,21.00,High
1560007,16,0.00,1.24,106.63,0.00,3.20,Low
1565007,17,0.00,1.26,100.24,0.00,3.40,Low
1570008,17,0.00,1.27,94.53,2.00,3.40,Low
1575007,16,0.00,1.27,107.19,0.00,3.20,Low
1580008,17,0.00,1.28,95.00,2.00,3.40,Low
1585007,36,0.00,1.33,100.86,2.00,7.20,Low
1590007,49,0.00,1.37,100.92,2.00,9.80,Low
1595007,49,0.00,1.41,101.06,2.00,9.80,Low
1600007,50,0.00,1.46,100.82,2.00,10.00,Low
1605007,49,0.00,1.51,100.41,2.00,9.80,Low
1610007,50,0.00,1.54,100.74,2.00,10.00,Low
1615007,49,0.00,1.59,100.63,2.00,9.80,Low
1620007,50,0.00,1.64,100.96,2.00,10.00,Low
1625007,49,0.00,1.68,100.69,2.00,9.80,Low
1630007,50,0.00,1.72,100.76,2.00,10.00,Low
1635007,49,0.00,1.78,101.12,2.00,9.80,Low
1640007,49,0.00,1.81,101.10,2.00,9.80,Low
1645007,28,0.00,1.83,104.50,0.00,5.60,Low
1650007,12,0.00,1.85,101.42,0.00,2.40,Low
1655007,13,0.00,1.86,100.85,0.00,2.60,Low
1660009,12,0.00,1.87,100.67,0.00,2.40,Low
1665007,13,0.00,1.89,93.23,2.00,2.60,Low
1670007,12,0.00,1.90,109.42,0.00,2.40,Low
1675007,5,0.00,1.90,101.00,0.00,1.00,Low
1680007,29,0.00,1.94,97.45,2.00,5.80,Low
1685007,49,0.00,1.96,101.00,2.00,9.80,Low
1690006,50,0.00,2.02,101.08,2.00,10.00,Low
1695007,49,0.00,2.07,101.18,2.00,9.80,Low
1700007,49,0.00,2.10,100.94,2.00,9.80,Low
1705008,50,0.00,2.15,101.08,2.00,10.00,Low
1710007,49,0.00,2.20,100.88,2.00,9.80,Low
1715007,50,0.00,2.24,100.74,2.00,10.00,Low
1720007,49,0.00,2.29,101.06,2.00,9.80,Low
1725007,50,0.00,2.34,101.00,2.00,10.00,Low
1730007,49,0.00,2.37,101.08,2.00,9.80,Low
1735007,49,0.00,2.42,100.92,2.00,9.80,Low
1740007,31,0.00,2.45,104.26,0.00,6.20,Low
1745009,17,0.00,2.47,95.06,2.00,3.40,Low
1750007,16,0.00,2.48,107.19,0.00,3.20,Low
1755007,17,0.00,2.49,95.06,2.00,3.40,Low
1760007,16,0.00,2.50,107.00,0.00,3.20,Low
1765008,17,0.00,2.51,100.94,0.00,3.40,Low
1770007,14,0.00,2.53,101.14,0.00,2.80,Low
1775007,13,0.00,2.54,101.15,0.00,2.60,Low
1780007,12,0.00,2.56,101.00,0.00,2.40,Low
1785007,13,0.00,2.57,93.23,2.00,2.60,Low
1790007,12,0.00,2.58,109.67,0.00,2.40,Low
1795008,13,0.00,2.59,93.62,2.00,2.60,Low
1800007,134,0.00,2.71,97.64,10.00,26.80,High
1805007,241,0.00,2.92,100.67,10.00,48.20,High
1810007,241,0.00,3.15,100.68,10.00,48.20,High
1815007,241,0.00,3.36,100.66,10.00,48.20,High
1820007,240,0.00,3.57,100.62,10.00,48.00,High
1825007,241,0.00,3.79,101.07,8.00,48.20,High
1830007,242,0.00,0.34,100.29,10.00,48.40,High
1835007,241,0.00,0.54,100.66,10.00,48.20,High
1840007,240,0.00,0.80,100.78,10.00,48.00,High
1845007,242,0.00,0.98,100.66,10.00,48.40,High
1850007,241,0.00,1.18,100.71,10.00,48.20,High
1855007,242,0.00,1.42,100.67,10.00,48.40,High
1860008,112,0.00,1.51,105.15,0.00,22.40,High
1865007,27,0.00,1.54,97.41,2.00,5.40,Low
1870007,49,0.00,1.58,100.84,2.00,9.80,Low
1875007,50,0.00,1.62,101.08,2.00,10.00,Low
1880008,49,0.00,1.66,101.00,2.00,9.80,Low
1885007,49,0.00,1.70,100.94,2.00,9.80,Low
1890007,50,0.00,1.75,101.08,2.00,10.00,Low
1895007,49,0.00,1.78,100.88,2.00,9.80,Low
1900007,49,0.00,1.83,101.02,2.00,9.80,Low
1905008,50,0.00,1.87,100.80,2.00,10.00,Low
1910007,49,0.00,1.91,100.88,2.00,9.80,Low
1915007,50,0.00,1.99,101.02,2.00,10.00,Low
1920007,49,0.00,2.03,100.90,2.00,9.80,Low
1925007,151,0.00,2.15,98.03,10.00,30.20,High
1930008,241,0.00,2.35,100.71,10.00,48.20,High
1935007,241,0.00,2.58,100.65,10.00,48.20,High
1940008,241,0.00,2.79,100.70,10.00,48.20,High
1945007,241,0.00,2.99,100.70,10.00,48.20,High
1950007,241,0.00,3.24,101.11,8.00,48.20,High
1955007,241,0.00,3.43,100.20,10.00,48.20,High
1960007,241,0.00,3.64,100.68,10.00,48.20,High
1965007,241,0.00,0.19,100.70,10.00,48.20,High
1970008,241,0.00,0.39,100.67,10.00,48.20,High
1975007,241,0.00,0.59,100.61,10.00,48.20,High
1980007,242,0.00,0.83,100.59,10.00,48.40,High
1985007,123,0.00,0.93,104.79,0.00,24.60,High
1990008,17,0.00,0.95,94.82,2.00,3.40,Low
1995007,16,0.00,0.96,107.38,0.00,3.20,Low
2000007,17,0.00,0.97,100.71,0.00,3.40,Low
2005007,17,0.00,0.99,94.94,2.00,3.40,Low
2010007,16,0.00,1.00,107.25,0.00,3.20,Low
2015007,15,0.00,1.01,94.13,2.00,3.00,Low
2020007,12,0.00,1.02,109.50,0.00,2.40,Low
2025007,13,0.00,1.03,93.23,2.00,2.60,Low
2030007,12,0.00,1.04,109.42,0.00,2.40,Low
2035007,13,0.00,1.05,93.15,2.00,2.60,Low
2040007,12,0.00,1.06,109.67,0.00,2.40,Low
2045007,6,0.00,1.07,100.67,0.00,1.20,Low
2050007,24,0.00,1.09,96.92,2.00,4.80,Low
2055007,50,0.00,1.13,101.04,2.00,10.00,Low
2060007,49,0.00,1.18,101.12,2.00,9.80,Low
2065007,49,0.00,1.27,101.12,2.00,9.80,Low
2070007,50,0.00,1.29,101.02,2.00,10.00,Low
2075008,49,0.00,1.33,100.96,2.00,9.80,Low
2080008,49,0.00,1.37,101.02,2.00,9.80,Low
2085007,50,0.00,1.41,101.14,2.00,10.00,Low
2090007,49,0.00,1.46,100.82,2.00,9.80,Low
2095008,50,0.00,1.50,100.72,2.00,10.00,Low
2100007,49,0.00,1.54,100.76,2.00,9.80,Low
2105007,50,0.00,1.58,100.94,2.00,10.00,Low
2110007,31,0.00,1.61,104.03,0.00,6.20,Low
2115007,13,0.00,1.62,100.85,0.00,2.60,Low
2120007,12,0.00,1.63,100.83,0.00,2.40,Low
2125008,13,0.00,1.64,101.38,0.00,2.60,Low
2130007,12,0.00,1.65,101.00,0.00,2.40,Low
2135007,13,0.00,1.66,100.85,0.00,2.60,Low
2140008,14,0.00,1.67,101.00,0.00,2.80,Low
2145007,17,0.00,1.69,95.00,2.00,3.40,Low
2150007,16,0.00,1.70,107.38,0.00,3.20,Low
2155007,17,0.00,1.72,100.94,0.00,3.40,Low
2160007,17,0.00,1.75,94.76,2.00,3.40,Low
2165007,16,0.00,1.78,107.25,0.00,3.20,Low
2170008,115,0.00,1.87,96.23,10.00,23.00,High
2175007,241,0.00,2.07,100.57,10.00,48.20,High
2180007,242,0.00,2.31,100.64,10.00,48.40,High
2185007,240,0.00,2.51,101.11,8.00,48.00,High
2190007,241,0.00,2.71,100.22,10.00,48.20,High
2195007,242,0.00,2.94,100.57,10.00,48.40,High
2200007,240,0.00,3.14,100.65,10.00,48.00,High
2205007,241,0.00,3.38,100.64,10.00,48.20,High
2210007,241,0.00,3.57,100.66,10.00,48.20,High
2215007,241,0.00,3.78,100.60,10.00,48.20,High
2220007,241,0.00,0.32,100.70,10.00,48.20,High
2225007,241,0.00,0.52,100.63,10.00,48.20,High
2230007,136,0.00,0.68,104.46,0.00,27.20,High
2235007,105,0.00,0.75,95.88,10.00,21.00,High
2240006,242,0.00,0.95,100.62,10.00,48.40,High
2245007,240,0.00,1.18,100.78,10.00,48.00,High
2250007,241,0.00,1.39,101.16,8.00,48.20,High
2255007,242,0.00,1.60,100.33,10.00,48.40,High
2260007,241,0.00,1.82,100.63,10.00,48.20,High
2265007,241,0.00,2.02,100.68,10.00,48.20,High
2270007,242,0.00,2.25,100.62,10.00,48.40,High
2275007,241,0.00,2.45,100.71,10.00,48.20,High
2280006,241,0.00,2.67,100.73,10.00,48.20,High
2285007,241,0.00,2.89,100.65,10.00,48.20,High
2290007,241,0.00,3.11,100.71,10.00,48.20,High
2295007,158,0.00,3.23,103.34,2.00,31.60,High
2300007,49,0.00,3.28,101.10,2.00,9.80,Low
2305007,49,0.00,3.33,101.08,2.00,9.80,Low
2310007,50,0.00,3.38,100.86,2.00,10.00,Low
2315007,49,0.00,3.42,101.06,2.00,9.80,Low
2320007,49,0.00,3.46,100.92,2.00,9.80,Low
2325008,50,0.00,3.50,100.92,2.00,10.00,Low
2330007,49,0.00,3.55,100.92,2.00,9.80,Low
2335007,50,0.00,3.60,100.86,2.00,10.00,Low
2340007,49,0.00,3.64,100.82,2.00,9.80,Low
2345007,50,0.00,3.68,100.88,2.00,10.00,Low
2350008,49,0.00,3.72,100.96,2.00,9.80,Low
2355007,34,0.00,3.75,103.82,0.00,6.80,Low
2360007,12,0.00,3.76,101.25,0.00,2.40,Low
2365007,13,0.00,3.77,101.00,0.00,2.60,Low
2370007,12,0.00,3.78,101.42,0.00,2.40,Low
2375007,13,0.00,3.79,93.15,2.00,2.60,Low
2380008,12,0.00,0.11,110.00,0.00,2.40,Low
2385008,14,0.00,0.13,101.14,0.00,2.80,Low
2390007,17,0.00,0.16,100.94,0.00,3.40,Low
2395007,17,0.00,0.18,94.76,2.00,3.40,Low
2400008,16,0.00,0.19,107.31,0.00,3.20,Low
2405007,17,0.00,0.21,95.24,2.00,3.40,Low
2410007,16,0.00,0.22,107.19,0.00,3.20,Low
2415007,10,0.00,0.23,100.80,0.00,2.00,Low
2420007,5,0.00,0.23,101.00,0.00,1.00,Low
2425007,13,0.00,0.24,100.77,0.00,2.60,Low
2430008,12,0.00,0.25,101.25,0.00,2.40,Low
2435007,13,0.00,0.26,100.92,0.00,2.60,Low
2440007,12,0.00,0.27,101.00,0.00,2.40,Low
2445007,13,0.00,0.29,100.92,0.00,2.60,Low
2450007,14,0.00,0.30,93.86,2.00,2.80,Low
2455007,16,0.00,0.31,107.13,0.00,3.20,Low
2460007,17,0.00,0.32,100.88,0.00,3.40,Low
2465007,17,0.00,0.34,94.94,2.00,3.40,Low
2470007,16,0.00,0.35,107.38,0.00,3.20,Low
2475007,17,0.00,0.37,100.82,0.00,3.40,Low
2480007,28,0.00,0.39,97.50,2.00,5.60,Low
2485008,50,0.00,0.43,100.86,2.00,10.00,Low
2490007,49,0.00,0.47,101.20,2.00,9.80,Low
2495007,49,0.00,0.51,101.12,2.00,9.80,Low
2500007,50,0.00,0.56,100.74,2.00,10.00,Low
2505007,49,0.00,0.65,101.14,2.00,9.80,Low
2510007,49,0.00,0.67,102.94,0.00,9.80,Low
2515007,50,0.00,0.71,99.08,2.00,10.00,Low
2520007,49,0.00,0.75,101.16,2.00,9.80,Low
2525008,50,0.00,0.79,100.90,2.00,10.00,Low
2530007,49,0.00,0.83,100.98,2.00,9.80,Low
2535007,49,0.00,0.87,101.06,2.00,9.80,Low
2540007,116,0.00,0.97,97.41,10.00,23.20,High
2545008,241,0.00,1.20,100.76,10.00,48.20,High
2550007,241,0.00,1.40,100.76,10.00,48.20,High
2555007,241,0.00,1.64,100.73,10.00,48.20,High
2560007,240,0.00,1.83,100.63,10.00,48.00,High
2565008,241,0.00,2.06,100.98,8.00,48.20,High
2570007,241,0.00,2.26,100.08,10.00,48.20,High
2575007,241,0.00,2.47,100.44,10.00,48.20,High
2580007,240,0.00,2.69,100.48,10.00,48.00,High
2585008,241,0.00,2.90,100.52,10.00,48.20,High
2590007,241,0.00,3.13,100.72,10.00,48.20,High
2595007,241,0.00,3.33,100.74,10.00,48.20,High
2600008,157,0.00,3.46,103.87,0.00,31.40,High
2605007,84,0.00,3.56,94.68,10.00,16.80,Medium
2610007,241,0.00,3.76,100.69,10.00,48.20,High
2615007,241,0.00,0.30,100.77,10.00,48.20,High
2620008,241,0.00,0.50,100.68,10.00,48.20,High
2625007,241,0.00,0.73,101.16,8.00,48.20,High
2630007,241,0.00,0.93,100.35,10.00,48.20,High
2635007,242,0.00,1.16,100.63,10.00,48.40,High
2640007,241,0.00,1.37,100.84,10.00,48.20,High
2645007,241,0.00,1.59,100.72,10.00,48.20,High
2650008,241,0.00,1.80,100.64,10.00,48.20,High
2655008,241,0.00,2.00,100.69,10.00,48.20,High
2660007,241,0.00,2.23,100.71,10.00,48.20,High
2665007,162,0.00,2.37,103.81,0.00,32.40,High
2670008,12,0.00,2.38,100.92,0.00,2.40,Low
2675007,13,0.00,2.39,101.08,0.00,2.60,Low
2680007,12,0.00,2.40,100.83,0.00,2.40,Low
2685008,13,0.00,2.41,101.08,0.00,2.60,Low
2690007,12,0.00,2.42,100.92,0.00,2.40,Low
2695007,25,0.00,2.44,96.80,2.00,5.00,Low
2700007,50,0.00,2.49,101.10,2.00,10.00,Low
2705007,49,0.00,2.53,100.96,2.00,9.80,Low
2710007,49,0.00,2.59,101.06,2.00,9.80,Low
2715007,50,0.00,2.63,100.98,2.00,10.00,Low
2720007,49,0.00,2.67,100.98,2.00,9.80,Low
2725007,49,0.00,2.71,101.10,2.00,9.80,Low
2730008,50,0.00,2.76,100.82,2.00,10.00,Low
2735007,49,0.00,2.80,101.22,2.00,9.80,Low
2740008,50,0.00,2.85,100.84,2.00,10.00,Low
2745007,49,0.00,2.89,101.06,2.00,9.80,Low
2750007,49,0.00,2.93,101.08,2.00,9.80,Low
2755008,39,0.00,2.96,103.46,0.00,7.80,Low
2760007,17,0.00,2.97,95.12,2.00,3.40,Low
2765007,16,0.00,2.99,107.06,0.00,3.20,Low
2770007,17,0.00,3.01,94.82,2.00,3.40,Low
2775007,16,0.00,3.02,107.13,0.00,3.20,Low
2780007,17,0.00,3.04,100.88,0.00,3.40,Low
2785007,11,0.00,3.06,100.91,0.00,2.20,Low
2790007,4,0.00,3.06,101.25,0.00,0.80,Low
2795007,13,0.00,3.07,101.15,0.00,2.60,Low
2800008,12,0.00,3.08,101.00,0.00,2.40,Low
2805007,13,0.00,3.09,93.23,2.00,2.60,Low
2810007,12,0.00,3.11,109.67,0.00,2.40,Low
2815007,13,0.00,3.12,93.15,2.00,2.60,Low
2820007,13,0.00,3.13,109.00,0.00,2.60,Low
2825007,17,0.00,3.14,101.06,0.00,3.40,Low
2830007,17,0.00,3.16,94.82,2.00,3.40,Low
2835007,16,0.00,3.17,107.63,0.00,3.20,Low
2840007,17,0.00,3.19,95.06,2.00,3.40,Low
2845008,16,0.00,3.20,107.13,0.00,3.20,Low
2850007,25,0.00,3.22,96.76,2.00,5.00,Low
2855007,50,0.00,3.27,100.78,2.00,10.00,Low
2860007,49,0.00,3.31,100.59,2.00,9.80,Low
2865007,50,0.00,3.35,101.06,2.00,10.00,Low
2870008,49,0.00,3.40,100.98,2.00,9.80,Low
2875008,50,0.00,3.44,100.78,2.00,10.00,Low
2880007,49,0.00,3.48,100.96,2.00,9.80,Low
2885008,49,0.00,3.53,100.88,2.00,9.80,Low
2890007,50,0.00,3.58,100.92,2.00,10.00,Low
2895007,49,0.00,3.62,100.88,2.00,9.80,Low
2900006,50,0.00,3.67,100.98,2.00,10.00,Low
2905008,49,0.00,3.71,100.98,2.00,9.80,Low
2910007,99,0.00,0.11,96.80,10.00,19.80,Medium
2915007,241,0.00,0.33,100.70,10.00,48.20,High
2920007,242,0.00,0.54,100.69,10.00,48.40,High
2925008,241,0.00,0.77,100.69,10.00,48.20,High
2930007,241,0.00,0.97,100.66,10.00,48.20,High
2935007,240,0.00,1.19,101.11,8.00,48.00,High
2940007,242,0.00,1.40,100.24,10.00,48.40,High
2945008,241,0.00,1.62,100.63,10.00,48.20,High
2950006,241,0.00,1.83,100.68,10.00,48.20,High
2955009,241,0.00,2.05,100.73,10.00,48.20,High
2960007,240,0.00,2.26,100.68,10.00,48.00,High
2965007,241,0.00,2.48,100.75,10.00,48.20,High
2970007,179,0.00,2.63,103.44,0.00,35.80,High
2975008,5,0.00,2.64,80.80,2.00,1.00,Low
2980007,16,0.00,2.65,107.19,0.00,3.20,Low
2985007,17,0.00,2.67,100.94,0.00,3.40,Low
2990007,17,0.00,2.68,94.94,2.00,3.40,Low
2995007,16,0.00,2.69,107.50,0.00,3.20,Low
3000007,17,0.00,2.71,95.00,2.00,3.40,Low
3005008,24,0.00,2.73,100.75,2.00,4.80,Low
3010007,49,0.00,2.77,100.94,2.00,9.80,Low
3015008,50,0.00,2.85,101.00,2.00,10.00,Low
3020007,49,0.00,2.88,100.90,2.00,9.80,Low
3025008,49,0.00,2.92,101.02,2.00,9.80,Low
3030007,50,0.00,2.96,100.98,2.00,10.00,Low
3035009,49,0.00,3.00,100.84,2.00,9.80,Low
3040008,50,0.00,3.04,100.90,2.00,10.00,Low
3045007,49,0.00,3.08,100.92,2.00,9.80,Low
3050007,49,0.00,3.13,100.94,2.00,9.80,Low
3055008,50,0.00,3.17,100.90,2.00,10.00,Low
3060007,49,0.00,3.21,100.76,2.00,9.80,Low
3065007,41,0.00,3.27,103.24,0.00,8.20,Low
3070007,13,0.00,3.29,93.38,2.00,2.60,Low
3075007,12,0.00,3.30,109.67,0.00,2.40,Low
3080007,13,0.00,3.31,93.54,2.00,2.60,Low
3085007,12,0.00,3.32,109.33,0.00,2.40,Low
3090008,13,0.00,3.32,93.23,2.00,2.60,Low
3095007,60,0.00,3.37,94.05,10.00,12.00,Medium
3100007,240,0.00,3.57,100.76,10.00,48.00,High
3105007,241,0.00,0.12,100.65,10.00,48.20,High
3110007,241,0.00,0.34,100.70,10.00,48.20,High
3115007,241,0.00,0.57,100.67,10.00,48.20,High
3120007,241,0.00,0.76,100.73,10.00,48.20,High
3125007,241,0.00,0.99,100.61,10.00,48.20,High
3130006,241,0.00,1.19,100.68,10.00,48.20,High
3135007,241,0.00,1.40,100.61,10.00,48.20,High
3140007,241,0.00,1.63,100.71,10.00,48.20,High
3145007,241,0.00,1.83,100.68,10.00,48.20,High
3150007,241,0.00,2.05,100.63,10.00,48.20,High
3155007,190,0.00,2.21,103.36,0.00,38.00,High
3160008,51,0.00,2.26,90.82,10.00,10.20,Medium
3165007,242,0.00,2.48,100.51,10.00,48.40,High
3170007,240,0.00,2.68,100.78,10.00,48.00,High
3175007,242,0.00,2.91,100.60,10.00,48.40,High
3180007,240,0.00,3.11,101.16,8.00,48.00,High
3185007,241,0.00,3.34,100.37,10.00,48.20,High
3190007,241,0.00,3.54,100.72,10.00,48.20,High
3195008,242,0.00,3.77,100.76,10.00,48.40,High
3200009,240,0.00,0.31,101.18,8.00,48.00,High
3205009,241,0.00,0.51,100.27,10.00,48.20,High
3210007,241,0.00,0.74,100.72,10.00,48.20,High
3215007,241,0.00,0.94,100.70,10.00,48.20,High
3220007,195,0.00,1.13,103.24,0.00,39.00,High
3225007,17,0.00,1.14,95.24,2.00,3.40,Low
3230008,16,0.00,1.15,107.06,0.00,3.20,Low
3235006,17,0.00,1.17,94.71,2.00,3.40,Low
3240007,16,0.00,1.18,107.13,0.00,3.20,Low
3245007,17,0.00,1.20,101.06,0.00,3.40,Low
3250007,22,0.00,1.22,96.50,2.00,4.40,Low
3255007,50,0.00,1.26,101.26,2.00,10.00,Low
3260007,49,0.00,1.30,100.98,2.00,9.80,Low
3265007,49,0.00,1.34,101.10,2.00,9.80,Low
3270007,50,0.00,1.38,101.04,2.00,10.00,Low
3275007,49,0.00,1.46,101.04,2.00,9.80,Low
3280007,49,0.00,1.50,101.12,2.00,9.80,Low
3285007,50,0.00,1.53,100.98,2.00,10.00,Low
3290007,49,0.00,1.57,100.96,2.00,9.80,Low
3295007,50,0.00,1.61,100.82,2.00,10.00,Low
3300007,49,0.00,1.66,101.35,2.00,9.80,Low
3305007,49,0.00,1.70,100.98,2.00,9.80,Low
3310007,44,0.00,1.74,100.98,2.00,8.80,Low
3315007,12,0.00,1.75,109.50,0.00,2.40,Low
3320008,13,0.00,1.76,93.15,2.00,2.60,Low
3325007,12,0.00,1.77,109.67,0.00,2.40,Low
3330008,12,0.00,1.78,100.92,0.00,2.40,Low
3335007,13,0.00,1.79,100.92,0.00,2.60,Low
3340008,10,0.00,1.80,101.20,0.00,2.00,Low
3345007,8,0.00,1.81,88.13,2.00,1.60,Low
3350007,49,0.00,1.85,101.16,2.00,9.80,Low
3355008,50,0.00,1.93,100.86,2.00,10.00,Low
3360007,49,0.00,1.96,100.98,2.00,9.80,Low
3365008,50,0.00,2.00,101.08,2.00,10.00,Low
3370007,49,0.00,2.03,101.08,2.00,9.80,Low
3375007,49,0.00,2.08,101.18,2.00,9.80,Low
3380007,50,0.00,2.12,101.14,2.00,10.00,Low
3385007,49,0.00,2.16,100.82,2.00,9.80,Low
3390007,49,0.00,2.21,101.16,2.00,9.80,Low
3395007,50,0.00,2.25,100.76,2.00,10.00,Low
3400007,49,0.00,2.30,100.73,2.00,9.80,Low
3405007,45,0.00,2.36,103.09,0.00,9.00,Low
3410007,17,0.00,2.37,94.88,2.00,3.40,Low
3415007,16,0.00,2.38,107.56,0.00,3.20,Low
3420007,17,0.00,2.39,95.06,2.00,3.40,Low
3425008,16,0.00,2.41,107.00,0.00,3.20,Low
3430008,17,0.00,2.42,100.94,0.00,3.40,Low
3435007,16,0.00,2.43,100.88,0.00,3.20,Low
3440008,13,0.00,2.44,93.08,2.00,2.60,Low
3445007,12,0.00,2.45,109.50,0.00,2.40,Low
3450007,13,0.00,2.47,93.54,2.00,2.60,Low
3455007,12,0.00,2.48,109.50,0.00,2.40,Low
3460007,12,0.00,2.49,101.33,0.00,2.40,Low
3465007,39,0.00,2.52,87.87,10.00,7.80,Low
3470008,242,0.00,2.72,100.62,10.00,48.40,High
3475007,240,0.00,2.95,101.06,8.00,48.00,High
3480007,242,0.00,3.15,100.18,10.00,48.40,High
3485007,240,0.00,3.38,100.65,10.00,48.00,High
3490008,241,0.00,3.58,101.05,8.00,48.20,High
3495007,241,0.00,0.12,100.64,8.00,48.20,High
3500008,242,0.00,0.34,100.21,10.00,48.40,High
3505007,241,0.00,0.60,100.64,10.00,48.20,High
3510007,241,0.00,0.77,100.61,10.00,48.20,High
3515007,242,0.00,1.00,100.60,10.00,48.40,High
3520007,241,0.00,1.20,100.62,10.00,48.20,High
3525008,213,0.00,1.38,103.02,0.00,42.60,High
3530007,28,0.00,1.41,82.71,10.00,5.60,Low
3535007,240,0.00,1.63,101.07,8.00,48.00,High
3540007,242,0.00,1.83,100.26,10.00,48.40,High
3545007,241,0.00,2.06,100.62,10.00,48.20,High
3550008,241,0.00,2.26,100.61,10.00,48.20,High
3555007,242,0.00,2.49,100.66,10.00,48.40,High
3560008,241,0.00,2.69,100.65,10.00,48.20,High
3565007,241,0.00,2.92,100.71,10.00,48.20,High
3570007,241,0.00,3.12,100.67,10.00,48.20,High
3575007,241,0.00,3.34,100.64,10.00,48.20,High
3580007,241,0.00,3.55,100.67,10.00,48.20,High
3585007,241,0.00,3.77,100.73,10.00,48.20,High
3590007,216,0.00,0.29,103.04,0.00,43.20,High
3595007,12,0.00,0.30,100.75,0.00,2.40,Low
3600007,13,0.00,0.31,100.77,0.00,2.60,Low
3605007,12,0.00,0.32,101.00,0.00,2.40,Low
3610009,13,0.00,0.33,101.31,0.00,2.60,Low
3615007,12,0.00,0.34,101.08,0.00,2.40,Low
3620007,16,0.00,0.35,95.06,2.00,3.20,Low
3625008,50,0.00,0.40,101.00,2.00,10.00,Low
3630007,49,0.00,0.44,101.14,2.00,9.80,Low
3635007,49,0.00,0.48,101.00,2.00,9.80,Low
3640008,50,0.00,0.54,100.72,2.00,10.00,Low
3645007,49,0.00,0.61,101.16,2.00,9.80,Low
3650007,49,0.00,0.63,100.92,2.00,9.80,Low
3655008,50,0.00,0.67,100.84,2.00,10.00,Low
3660007,49,0.00,0.71,101.00,2.00,9.80,Low
3665007,50,0.00,0.75,100.82,2.00,10.00,Low
3670007,49,0.00,0.80,101.18,2.00,9.80,Low
3675008,50,0.00,0.84,101.02,2.00,10.00,Low
3680008,46,0.00,0.87,103.13,0.00,9.20,Low
3685007,17,0.00,0.89,95.06,2.00,3.40,Low
3690007,16,0.00,0.91,107.50,0.00,3.20,Low
3695008,17,0.00,0.92,94.76,2.00,3.40,Low
3700007,16,0.00,0.93,107.50,0.00,3.20,Low
3705007,17,0.00,0.95,101.00,0.00,3.40,Low
3710008,15,0.00,0.96,100.93,0.00,3.00,Low
3715007,1,0.00,0.97,100.00,0.00,0.20,Low
3720007,13,0.00,0.99,93.15,2.00,2.60,Low
3725007,12,0.00,1.01,109.33,0.00,2.40,Low
3730007,13,0.00,1.03,93.54,2.00,2.60,Low
3735007,12,0.00,1.04,109.33,0.00,2.40,Low
3740007,13,0.00,1.05,93.15,2.00,2.60,Low
3745008,12,0.00,1.06,109.58,0.00,2.40,Low
3750007,17,0.00,1.07,100.82,0.00,3.40,Low
3755007,16,0.00,1.08,100.81,0.00,3.20,Low
3760007,17,0.00,1.09,100.94,0.00,3.40,Low
3765008,17,0.00,1.11,94.88,2.00,3.40,Low
3770007,16,0.00,1.12,107.38,0.00,3.20,Low
3775007,18,0.00,1.14,95.22,2.00,3.60,Low
3780007,49,0.00,1.18,100.84,2.00,9.80,Low
3785007,50,0.00,1.22,100.94,2.00,10.00,Low
3790007,49,0.00,1.26,100.94,2.00,9.80,Low
3795007,49,0.00,1.30,100.80,2.00,9.80,Low
3800007,50,0.00,1.34,100.86,2.00,10.00,Low
3805007,49,0.00,1.39,100.84,2.00,9.80,Low
3810007,49,0.00,1.45,101.04,2.00,9.80,Low
3815007,50,0.00,1.50,100.78,2.00,10.00,Low
3820008,49,0.00,1.54,100.98,2.00,9.80,Low
3825007,49,0.00,1.58,100.98,2.00,9.80,Low
3830008,50,0.00,1.62,101.14,2.00,10.00,Low
3835007,51,0.00,1.66,97.00,6.00,10.20,Medium
3840007,241,0.00,1.87,99.83,10.00,48.20,High
3845008,241,0.00,2.09,100.66,10.00,48.20,High
3850008,241,0.00,2.30,100.57,10.00,48.20,High
3855007,241,0.00,2.52,100.54,10.00,48.20,High
3860007,240,0.00,2.73,101.01,8.00,48.00,High
3865007,241,0.00,2.94,100.29,10.00,48.20,High
3870007,241,0.00,3.15,100.64,10.00,48.20,High
3875007,241,0.00,3.37,100.67,10.00,48.20,High
3880007,241,0.00,3.58,100.62,10.00,48.20,High
3885007,242,0.00,0.12,100.74,10.00,48.40,High
3890009,240,0.00,0.34,101.10,8.00,48.00,High
3895007,239,0.00,0.59,101.02,6.00,47.80,High
3900007,1,0.00,0.59,302.00,2.00,0.20,Low
3905007,49,0.00,0.62,100.88,2.00,9.80,Low
3910007,50,0.00,0.65,100.96,2.00,10.00,Low
3915007,49,0.00,0.69,101.14,2.00,9.80,Low
3920008,49,0.00,0.73,101.08,2.00,9.80,Low
3925007,50,0.00,0.77,101.04,2.00,10.00,Low
3930007,49,0.00,0.81,101.10,2.00,9.80,Low
3935007,49,0.00,0.85,100.88,2.00,9.80,Low
3940007,50,0.00,0.89,101.02,2.00,10.00,Low
3945008,49,0.00,0.94,100.92,2.00,9.80,Low
3950007,50,0.00,1.01,100.88,2.00,10.00,Low
3955007,49,0.00,1.05,101.04,2.00,9.80,Low
3960009,50,0.00,1.09,101.12,2.00,10.00,Low
3965007,16,0.00,1.10,107.00,0.00,3.20,Low
3970008,17,0.00,1.12,95.06,2.00,3.40,Low
3975007,16,0.00,1.13,107.19,0.00,3.20,Low
3980007,17,0.00,1.14,100.47,0.00,3.40,Low
3985007,17,0.00,1.16,94.88,2.00,3.40,Low
3990007,16,0.00,1.17,107.31,0.00,3.20,Low
3995007,237,0.00,1.37,98.45,10.00,47.40,High
4000007,242,0.00,1.60,100.65,10.00,48.40,High
4005007,240,0.00,1.80,101.10,8.00,48.00,High
4010007,242,0.00,2.03,100.20,10.00,48.40,High
4015008,240,0.00,2.23,100.63,10.00,48.00,High
4020006,242,0.00,2.46,100.68,10.00,48.40,High
4025007,240,0.00,2.66,100.57,10.00,48.00,High
4030007,241,0.00,2.88,100.66,10.00,48.20,High
4035007,242,0.00,3.09,100.57,10.00,48.40,High
4040006,240,0.00,3.31,100.68,10.00,48.00,High
4045008,241,0.00,3.51,100.63,10.00,48.20,High
4050007,240,0.00,3.74,100.70,10.00,48.00,High
4055007,18,0.00,3.75,123.33,2.00,3.60,Low
4060007,12,0.00,3.77,109.42,0.00,2.40,Low
4065007,13,0.00,3.78,92.69,2.00,2.60,Low
4070007,12,0.00,3.79,109.42,0.00,2.40,Low
4075007,13,0.00,0.11,93.23,2.00,2.60,Low
4080007,12,0.00,0.13,109.33,0.00,2.40,Low
4085007,0,0.00,0.13,0.00,0.00,0.00,Low
4090007,17,0.00,0.15,94.82,2.00,3.40,Low
4095007,16,0.00,0.17,107.38,0.00,3.20,Low
4100007,17,0.00,0.19,95.71,2.00,3.40,Low
4327533,23,0.00,0.20,108.91,2.00,4.60,Low
4327533,0,0.00,0.20,0.00,2.00,0.00,Low
4327533,0,0.00,0.21,0.00,2.00,0.00,Low
4327533,0,0.00,0.21,0.00,2.00,0.00,Low
4327533,0,0.00,0.21,0.00,2.00,0.00,Low
4327533,0,0.00,0.21,0.00,2.00,0.00,Low
4327534,0,0.00,0.21,0.00,2.00,0.00,Low
4327534,0,0.00,0.21,0.00,2.00,0.00,Low
4327534,0,0.00,0.21,0.00,2.00,0.00,Low
4327534,0,0.00,0.21,0.00,2.00,0.00,Low
4327534,0,0.00,0.21,0.00,2.00,0.00,Low
4327534,0,0.00,0.21,0.00,2.00,0.00,Low
4327534,0,0.00,0.21,0.00,2.00,0.00,Low
4327534,0,0.00,0.21,0.00,2.00,0.00,Low
4327534,0,0.00,0.21,0.00,2.00,0.00,Low
4327534,0,0.00,0.21,0.00,2.00,0.00,Low
4327534,0,0.00,0.21,0.00,2.00,0.00,Low
4327535,0,0.00,0.21,0.00,2.00,0.00,Low
4327535,0,0.00,0.21,0.00,2.00,0.00,Low
4327535,0,0.00,0.21,0.00,2.00,0.00,Low
4327535,0,0.00,0.21,0.00,2.00,0.00,Low
4327535,0,0.00,0.21,0.00,2.00,0.00,Low
4327535,0,0.00,0.21,0.00,2.00,0.00,Low
4327535,0,0.00,0.21,0.00,2.00,0.00,Low
4327535,0,0.00,0.21,0.00,2.00,0.00,Low
4327535,0,0.00,0.21,0.00,2.00,0.00,Low
4327535,0,0.00,0.21,0.00,2.00,0.00,Low
4327535,0,0.00,0.21,0.00,2.00,0.00,Low
4327535,0,0.00,0.21,0.00,2.00,0.00,Low
4327535,0,0.00,0.21,0.00,2.00,0.00,Low
4327535,0,0.00,0.21,0.00,2.00,0.00,Low
4327535,0,0.00,0.21,0.00,2.00,0.00,Low
4327535,0,0.00,0.21,0.00,2.00,0.00,Low
4327537,0,0.00,0.21,0.00,2.00,0.00,Low
4327537,0,0.00,0.21,0.00,2.00,0.00,Low
4327537,0,0.00,0.21,0.00,2.00,0.00,Low
4327537,0,0.00,0.21,0.00,2.00,0.00,Low
4327537,0,0.00,0.21,0.00,2.00,0.00,Low
4327537,0,0.00,0.21,0.00,2.00,0.00,Low
4327537,0,0.00,0.22,0.00,2.00,0.00,Low
4327537,0,0.00,0.22,0.00,2.00,0.00,Low
4327537,0,0.00,0.22,0.00,2.00,0.00,Low
4327537,0,0.00,0.22,0.00,2.00,0.00,Low
4327537,0,0.00,0.22,0.00,2.00,0.00,Low
4327537,0,0.00,0.22,0.00,2.00,0.00,Low
4330008,24,0.00,0.24,100.75,2.00,4.80,Low
5560115,180,0.00,0.39,6906.39,10.00,36.00,High
5560115,0,0.00,0.39,0.00,8.00,0.00,Low
5560115,0,0.00,0.39,0.00,8.00,0.00,Low
5560115,0,0.00,0.39,0.00,8.00,0.00,Low
5560115,0,0.00,0.39,0.00,8.00,0.00,Low
5560115,0,0.00,0.39,0.00,8.00,0.00,Low
5560115,0,0.00,0.39,0.00,8.00,0.00,Low
5560115,0,0.00,0.39,0.00,8.00,0.00,Low
5560115,0,0.00,0.39,0.00,8.00,0.00,Low
5560115,0,0.00,0.39,0.00,8.00,0.00,Low
5560115,0,0.00,0.39,0.00,8.00,0.00,Low
5560115,0,0.00,0.39,0.00,8.00,0.00,Low
5560115,0,0.00,0.39,0.00,8.00,0.00,Low
5560115,0,0.00,0.39,0.00,8.00,0.00,Low
5560115,0,0.00,0.39,0.00,8.00,0.00,Low
5560115,0,0.00,0.39,0.00,8.00,0.00,Low
5560115,0,0.00,0.39,0.00,8.00,0.00,Low
5560115,0,0.00,0.39,0.00,8.00,0.00,Low
5560116,0,0.00,0.39,0.00,8.00,0.00,Low
5560116,0,0.00,0.39,0.00,8.00,0.00,Low
5560116,0,0.00,0.39,0.00,8.00,0.00,Low
5560116,0,0.00,0.39,0.00,8.00,0.00,Low
5560116,0,0.00,0.39,0.00,8.00,0.00,Low
5560116,0,0.00,0.39,0.00,8.00,0.00,Low
5560116,0,0.00,0.39,0.00,8.00,0.00,Low
5560116,0,0.00,0.39,0.00,8.00,0.00,Low
5560116,0,0.00,0.39,0.00,8.00,0.00,Low
5560116,0,0.00,0.39,0.00,8.00,0.00,Low
5560116,0,0.00,0.39,0.00,8.00,0.00,Low
5560116,0,0.00,0.39,0.00,8.00,0.00,Low
5560116,0,0.00,0.39,0.00,8.00,0.00,Low
5560116,0,0.00,0.39,0.00,8.00,0.00,Low
5560116,0,0.00,0.39,0.00,8.00,0.00,Low
5560116,0,0.00,0.39,0.00,8.00,0.00,Low
5560116,0,0.00,0.39,0.00,8.00,0.00,Low
5560116,0,0.00,0.39,0.00,8.00,0.00,Low
5560116,0,0.00,0.39,0.00,8.00,0.00,Low
5560116,0,0.00,0.40,0.00,8.00,0.00,Low
5560116,0,0.00,0.40,0.00,8.00,0.00,Low
5560116,0,0.00,0.40,0.00,8.00,0.00,Low
5560116,0,0.00,0.40,0.00,8.00,0.00,Low
5560116,0,0.00,0.40,0.00,8.00,0.00,Low
5560116,0,0.00,0.40,0.00,8.00,0.00,Low
5560116,0,0.00,0.40,0.00,8.00,0.00,Low
5560116,0,0.00,0.40,0.00,8.00,0.00,Low
5560116,0,0.00,0.40,0.00,8.00,0.00,Low
5560116,0,0.00,0.40,0.00,8.00,0.00,Low
5560116,0,0.00,0.40,0.00,8.00,0.00,Low
5560116,0,0.00,0.40,0.00,8.00,0.00,Low
5560116,0,0.00,0.40,0.00,8.00,0.00,Low
5560116,0,0.00,0.40,0.00,8.00,0.00,Low
5560116,0,0.00,0.40,0.00,8.00,0.00,Low
5560116,0,0.00,0.40,0.00,8.00,0.00,Low
5560116,0,0.00,0.40,0.00,8.00,0.00,Low
5560116,0,0.00,0.40,0.00,8.00,0.00,Low
5560117,0,0.00,0.40,0.00,8.00,0.00,Low
5560117,0,0.00,0.40,0.00,8.00,0.00,Low
5560117,0,0.00,0.40,0.00,8.00,0.00,Low
5560117,0,0.00,0.40,0.00,8.00,0.00,Low
5560117,0,0.00,0.40,0.00,8.00,0.00,Low
5560117,0,0.00,0.40,0.00,8.00,0.00,Low
5560117,0,0.00,0.40,0.00,8.00,0.00,Low
5560117,0,0.00,0.40,0.00,8.00,0.00,Low
5560117,0,0.00,0.40,0.00,8.00,0.00,Low
5560117,0,0.00,0.40,0.00,8.00,0.00,Low
5560117,0,0.00,0.40,0.00,8.00,0.00,Low
5560117,0,0.00,0.40,0.00,8.00,0.00,Low
5560117,0,0.00,0.40,0.00,8.00,0.00,Low
5560117,0,0.00,0.40,0.00,8.00,0.00,Low
5560117,0,0.00,0.40,0.00,8.00,0.00,Low
5560117,0,0.00,0.40,0.00,8.00,0.00,Low
5560117,0,0.00,0.40,0.00,8.00,0.00,Low
5560117,0,0.00,0.40,0.00,8.00,0.00,Low
5560117,0,0.00,0.40,0.00,8.00,0.00,Low
5560117,0,0.00,0.40,0.00,8.00,0.00,Low
5560117,0,0.00,0.41,0.00,8.00,0.00,Low
5560117,0,0.00,0.41,0.00,8.00,0.00,Low
5560117,0,0.00,0.41,0.00,8.00,0.00,Low
5560117,0,0.00,0.41,0.00,8.00,0.00,Low
5560117,0,0.00,0.41,0.00,8.00,0.00,Low
5560117,0,0.00,0.41,0.00,8.00,0.00,Low
5560117,0,0.00,0.41,0.00,8.00,0.00,Low
5560117,0,0.00,0.41,0.00,8.00,0.00,Low
5560117,0,0.00,0.41,0.00,8.00,0.00,Low
5560117,0,0.00,0.41,0.00,8.00,0.00,Low
5560117,0,0.00,0.41,0.00,8.00,0.00,Low
5560117,0,0.00,0.41,0.00,8.00,0.00,Low
5560117,0,0.00,0.41,0.00,8.00,0.00,Low
5560117,0,0.00,0.41,0.00,8.00,0.00,Low
5560117,0,0.00,0.41,0.00,8.00,0.00,Low
5560117,0,0.00,0.41,0.00,8.00,0.00,Low
5560117,0,0.00,0.41,0.00,8.00,0.00,Low
5560117,0,0.00,0.41,0.00,8.00,0.00,Low
5560117,0,0.00,0.41,0.00,8.00,0.00,Low
5560117,0,0.00,0.41,0.00,8.00,0.00,Low
5560117,0,0.00,0.41,0.00,8.00,0.00,Low
5560117,0,0.00,0.41,0.00,8.00,0.00,Low
5560117,0,0.00,0.41,0.00,8.00,0.00,Low
5560117,0,0.00,0.41,0.00,8.00,0.00,Low
5560117,0,0.00,0.41,0.00,8.00,0.00,Low
5560117,0,0.00,0.41,0.00,8.00,0.00,Low
5560117,0,0.00,0.41,0.00,8.00,0.00,Low
5560117,0,0.00,0.41,0.00,8.00,0.00,Low
5560117,0,0.00,0.41,0.00,8.00,0.00,Low
5560117,0,0.00,0.41,0.00,8.00,0.00,Low
5560117,0,0.00,0.41,0.00,8.00,0.00,Low
5560117,0,0.00,0.41,0.00,8.00,0.00,Low
5560117,0,0.00,0.41,0.00,8.00,0.00,Low
5560117,0,0.00,0.41,0.00,8.00,0.00,Low
5560117,0,0.00,0.41,0.00,8.00,0.00,Low
5560117,0,0.00,0.41,0.00,8.00,0.00,Low
5560117,0,0.00,0.41,0.00,8.00,0.00,Low
5560117,0,0.00,0.42,0.00,8.00,0.00,Low
5560117,0,0.00,0.42,0.00,8.00,0.00,Low
5560117,0,0.00,0.42,0.00,8.00,0.00,Low
5560117,0,0.00,0.42,0.00,8.00,0.00,Low
5560117,0,0.00,0.42,0.00,8.00,0.00,Low
5560117,0,0.00,0.42,0.00,8.00,0.00,Low
5560117,0,0.00,0.42,0.00,8.00,0.00,Low
5560118,0,0.00,0.42,0.00,8.00,0.00,Low
5560118,0,0.00,0.42,0.00,8.00,0.00,Low
5560118,0,0.00,0.42,0.00,8.00,0.00,Low
5560118,0,0.00,0.42,0.00,8.00,0.00,Low
5560118,0,0.00,0.42,0.00,8.00,0.00,Low
5560118,0,0.00,0.42,0.00,8.00,0.00,Low
5560118,0,0.00,0.42,0.00,8.00,0.00,Low
5560118,0,0.00,0.42,0.00,8.00,0.00,Low
5560118,0,0.00,0.42,0.00,8.00,0.00,Low
5560118,0,0.00,0.42,0.00,8.00,0.00,Low
5560118,0,0.00,0.42,0.00,8.00,0.00,Low
5560118,0,0.00,0.42,0.00,8.00,0.00,Low
5560118,0,0.00,0.42,0.00,8.00,0.00,Low
5560118,0,0.00,0.42,0.00,8.00,0.00,Low
5560118,0,0.00,0.42,0.00,8.00,0.00,Low
5560118,0,0.00,0.42,0.00,8.00,0.00,Low
5560118,0,0.00,0.42,0.00,8.00,0.00,Low
5560118,0,0.00,0.42,0.00,8.00,0.00,Low
5560118,0,0.00,0.42,0.00,8.00,0.00,Low
5560118,0,0.00,0.42,0.00,8.00,0.00,Low
5560118,0,0.00,0.42,0.00,8.00,0.00,Low
5560118,0,0.00,0.42,0.00,8.00,0.00,Low
5560118,0,0.00,0.42,0.00,8.00,0.00,Low
5560118,0,0.00,0.42,0.00,8.00,0.00,Low
5560118,0,0.00,0.42,0.00,8.00,0.00,Low
5560118,0,0.00,0.42,0.00,8.00,0.00,Low
5560118,0,0.00,0.42,0.00,8.00,0.00,Low
5560118,0,0.00,0.42,0.00,8.00,0.00,Low
5560118,1,0.00,0.43,0.00,10.00,0.20,Low
5560118,0,0.00,0.43,0.00,10.00,0.00,Low
5560118,0,0.00,0.43,0.00,10.00,0.00,Low
5560118,0,0.00,0.43,0.00,10.00,0.00,Low
5560118,0,0.00,0.43,0.00,10.00,0.00,Low
5560118,0,0.00,0.43,0.00,10.00,0.00,Low
5560118,0,0.00,0.43,0.00,10.00,0.00,Low
5560118,0,0.00,0.43,0.00,10.00,0.00,Low
5560118,0,0.00,0.43,0.00,10.00,0.00,Low
5560118,0,0.00,0.43,0.00,10.00,0.00,Low
5560118,0,0.00,0.43,0.00,10.00,0.00,Low
5560118,0,0.00,0.43,0.00,10.00,0.00,Low
5560118,0,0.00,0.43,0.00,10.00,0.00,Low
5560118,0,0.00,0.43,0.00,10.00,0.00,Low
5560118,0,0.00,0.43,0.00,10.00,0.00,Low
5560119,0,0.00,0.43,0.00,10.00,0.00,Low
5560119,0,0.00,0.43,0.00,10.00,0.00,Low
5560119,0,0.00,0.43,0.00,10.00,0.00,Low
5560119,0,0.00,0.43,0.00,10.00,0.00,Low
5560119,0,0.00,0.43,0.00,10.00,0.00,Low
5560119,0,0.00,0.43,0.00,10.00,0.00,Low
5560119,0,0.00,0.43,0.00,10.00,0.00,Low
5560119,0,0.00,0.43,0.00,10.00,0.00,Low
5560119,0,0.00,0.43,0.00,10.00,0.00,Low
5560119,0,0.00,0.43,0.00,10.00,0.00,Low
5560119,0,0.00,0.43,0.00,10.00,0.00,Low
5560119,0,0.00,0.43,0.00,10.00,0.00,Low
5560119,0,0.00,0.43,0.00,10.00,0.00,Low
5560119,0,0.00,0.43,0.00,10.00,0.00,Low
5560119,0,0.00,0.43,0.00,10.00,0.00,Low
5560119,0,0.00,0.43,0.00,10.00,0.00,Low
5560119,0,0.00,0.43,0.00,10.00,0.00,Low
5560119,0,0.00,0.43,0.00,10.00,0.00,Low
5560119,0,0.00,0.43,0.00,10.00,0.00,Low
5560119,0,0.00,0.43,0.00,10.00,0.00,Low
5560119,0,0.00,0.43,0.00,10.00,0.00,Low
5560119,0,0.00,0.43,0.00,10.00,0.00,Low
5560119,0,0.00,0.43,0.00,10.00,0.00,Low
5560119,0,0.00,0.44,0.00,10.00,0.00,Low
5560119,0,0.00,0.44,0.00,10.00,0.00,Low
5560119,0,0.00,0.44,0.00,10.00,0.00,Low
5560119,0,0.00,0.44,0.00,10.00,0.00,Low
5560119,0,0.00,0.44,0.00,10.00,0.00,Low
5560119,0,0.00,0.44,0.00,10.00,0.00,Low
5560119,0,0.00,0.44,0.00,10.00,0.00,Low
5560119,0,0.00,0.44,0.00,10.00,0.00,Low
5560119,0,0.00,0.44,0.00,10.00,0.00,Low
5560119,0,0.00,0.44,0.00,10.00,0.00,Low
5560119,0,0.00,0.44,0.00,10.00,0.00,Low
5560119,0,0.00,0.44,0.00,10.00,0.00,Low
5560119,0,0.00,0.44,0.00,10.00,0.00,Low
5560119,0,0.00,0.44,0.00,10.00,0.00,Low
5560119,0,0.00,0.44,0.00,10.00,0.00,Low
5560119,0,0.00,0.44,0.00,10.00,0.00,Low
5560119,0,0.00,0.44,0.00,10.00,0.00,Low
5560119,0,0.00,0.44,0.00,10.00,0.00,Low
5560119,0,0.00,0.44,0.00,10.00,0.00,Low
5560120,0,0.00,0.44,0.00,10.00,0.00,Low
5560120,0,0.00,0.44,0.00,10.00,0.00,Low
5560120,0,0.00,0.44,0.00,10.00,0.00,Low
5560120,0,0.00,0.44,0.00,10.00,0.00,Low
5560120,0,0.00,0.44,0.00,10.00,0.00,Low
5560120,0,0.00,0.44,0.00,10.00,0.00,Low
5560120,0,0.00,0.44,0.00,10.00,0.00,Low
5560120,0,0.00,0.44,0.00,10.00,0.00,Low
5560120,0,0.00,0.44,0.00,10.00,0.00,Low
5560120,0,0.00,0.44,0.00,10.00,0.00,Low
5560120,0,0.00,0.44,0.00,10.00,0.00,Low
5560120,0,0.00,0.44,0.00,10.00,0.00,Low
5560120,0,0.00,0.44,0.00,10.00,0.00,Low
5560120,0,0.00,0.44,0.00,10.00,0.00,Low
5560120,0,0.00,0.44,0.00,10.00,0.00,Low
5560120,0,0.00,0.44,0.00,10.00,0.00,Low
5560120,0,0.00,0.44,0.00,10.00,0.00,Low
5560120,0,0.00,0.44,0.00,10.00,0.00,Low
5560120,0,0.00,0.44,0.00,10.00,0.00,Low
5560120,0,0.00,0.45,0.00,10.00,0.00,Low
5560120,0,0.00,0.45,0.00,10.00,0.00,Low
5560120,0,0.00,0.45,0.00,10.00,0.00,Low
5560120,0,0.00,0.45,0.00,10.00,0.00,Low
5560120,0,0.00,0.45,0.00,10.00,0.00,Low
5560120,0,0.00,0.45,0.00,10.00,0.00,Low
5560120,0,0.00,0.45,0.00,10.00,0.00,Low
5560120,0,0.00,0.45,0.00,10.00,0.00,Low
5560120,0,0.00,0.45,0.00,10.00,0.00,Low
5560120,0,0.00,0.45,0.00,10.00,0.00,Low
5560120,0,0.00,0.45,0.00,10.00,0.00,Low
5560120,0,0.00,0.45,0.00,10.00,0.00,Low
5560120,0,0.00,0.45,0.00,10.00,0.00,Low
5560120,0,0.00,0.45,0.00,10.00,0.00,Low
5560120,0,0.00,0.45,0.00,10.00,0.00,Low
5560120,0,0.00,0.45,0.00,10.00,0.00,Low
5560120,0,0.00,0.45,0.00,10.00,0.00,Low
5560120,0,0.00,0.45,0.00,10.00,0.00,Low
5560120,0,0.00,0.45,0.00,10.00,0.00,Low
5560120,0,0.00,0.45,0.00,10.00,0.00,Low
5560120,0,0.00,0.45,0.00,10.00,0.00,Low
5560120,0,0.00,0.45,0.00,10.00,0.00,Low
5560120,0,0.00,0.45,0.00,10.00,0.00,Low
7125961,95,0.00,0.53,65990.72,0.00,19.00,Medium
7125963,0,0.00,0.53,0.00,0.00,0.00,Low
7125963,0,0.00,0.53,0.00,0.00,0.00,Low
7125963,0,0.00,0.53,0.00,0.00,0.00,Low
7125963,0,0.00,0.53,0.00,0.00,0.00,Low
7125963,0,0.00,0.53,0.00,0.00,0.00,Low
7125963,0,0.00,0.53,0.00,0.00,0.00,Low
7125964,0,0.00,0.53,0.00,0.00,0.00,Low
7125964,0,0.00,0.53,0.00,0.00,0.00,Low
7125964,0,0.00,0.53,0.00,0.00,0.00,Low
7125964,0,0.00,0.53,0.00,0.00,0.00,Low
7125964,0,0.00,0.53,0.00,0.00,0.00,Low
7125964,0,0.00,0.53,0.00,0.00,0.00,Low
7125964,0,0.00,0.53,0.00,0.00,0.00,Low
7125964,0,0.00,0.53,0.00,0.00,0.00,Low
7125964,0,0.00,0.53,0.00,0.00,0.00,Low
7125964,0,0.00,0.53,0.00,0.00,0.00,Low
7125964,0,0.00,0.53,0.00,0.00,0.00,Low
7125964,0,0.00,0.53,0.00,0.00,0.00,Low
7125964,0,0.00,0.53,0.00,0.00,0.00,Low
7125964,0,0.00,0.54,0.00,0.00,0.00,Low
7125965,0,0.00,0.54,0.00,0.00,0.00,Low
7125965,0,0.00,0.54,0.00,0.00,0.00,Low
7125965,0,0.00,0.54,0.00,0.00,0.00,Low
7125965,0,0.00,0.54,0.00,0.00,0.00,Low
7125965,0,0.00,0.54,0.00,0.00,0.00,Low
7125965,0,0.00,0.54,0.00,0.00,0.00,Low
7125965,0,0.00,0.54,0.00,0.00,0.00,Low
7125965,0,0.00,0.54,0.00,0.00,0.00,Low
7125966,0,0.00,0.54,0.00,0.00,0.00,Low
7125966,0,0.00,0.54,0.00,0.00,0.00,Low
7125966,0,0.00,0.54,0.00,0.00,0.00,Low
7125966,0,0.00,0.54,0.00,0.00,0.00,Low
7125966,0,0.00,0.54,0.00,0.00,0.00,Low
7125966,0,0.00,0.54,0.00,0.00,0.00,Low
7125966,0,0.00,0.54,0.00,0.00,0.00,Low
7125966,0,0.00,0.54,0.00,0.00,0.00,Low
7125966,0,0.00,0.54,0.00,0.00,0.00,Low
7125967,0,0.00,0.54,0.00,0.00,0.00,Low
7125967,0,0.00,0.54,0.00,0.00,0.00,Low
7125967,0,0.00,0.54,0.00,0.00,0.00,Low
7125967,0,0.00,0.54,0.00,0.00,0.00,Low
7125967,0,0.00,0.54,0.00,0.00,0.00,Low
7125967,0,0.00,0.54,0.00,0.00,0.00,Low
7125967,0,0.00,0.54,0.00,0.00,0.00,Low
7125967,0,0.00,0.54,0.00,0.00,0.00,Low
7125967,0,0.00,0.54,0.00,0.00,0.00,Low
7125967,0,0.00,0.54,0.00,0.00,0.00,Low
7125967,0,0.00,0.54,0.00,0.00,0.00,Low
7125968,0,0.00,0.54,0.00,0.00,0.00,Low
7125968,0,0.00,0.54,0.00,0.00,0.00,Low
7125968,0,0.00,0.54,0.00,0.00,0.00,Low
7125968,0,0.00,0.54,0.00,0.00,0.00,Low
7125968,0,0.00,0.54,0.00,0.00,0.00,Low
7125968,0,0.00,0.54,0.00,0.00,0.00,Low
7125968,0,0.00,0.54,0.00,0.00,0.00,Low
7125968,0,0.00,0.54,0.00,0.00,0.00,Low
7125968,0,0.00,0.54,0.00,0.00,0.00,Low
7125968,0,0.00,0.55,0.00,0.00,0.00,Low
7125968,0,0.00,0.55,0.00,0.00,0.00,Low
7125968,0,0.00,0.55,0.00,0.00,0.00,Low
7125968,0,0.00,0.55,0.00,0.00,0.00,Low
7125968,0,0.00,0.55,0.00,0.00,0.00,Low
7125969,0,0.00,0.55,0.00,0.00,0.00,Low
7125969,0,0.00,0.55,0.00,0.00,0.00,Low
7125969,0,0.00,0.55,0.00,0.00,0.00,Low
7125969,0,0.00,0.55,0.00,0.00,0.00,Low
7125969,0,0.00,0.55,0.00,0.00,0.00,Low
7125969,0,0.00,0.55,0.00,0.00,0.00,Low
7125969,0,0.00,0.55,0.00,0.00,0.00,Low
7125969,0,0.00,0.55,0.00,0.00,0.00,Low
7125969,0,0.00,0.55,0.00,0.00,0.00,Low
7125969,0,0.00,0.55,0.00,0.00,0.00,Low
7125970,0,0.00,0.55,0.00,0.00,0.00,Low
7125970,0,0.00,0.55,0.00,0.00,0.00,Low
7125970,0,0.00,0.55,0.00,0.00,0.00,Low
7125970,0,0.00,0.55,0.00,0.00,0.00,Low
7125970,0,0.00,0.55,0.00,0.00,0.00,Low
7125970,0,0.00,0.55,0.00,0.00,0.00,Low
7125970,0,0.00,0.55,0.00,0.00,0.00,Low
7125970,0,0.00,0.55,0.00,0.00,0.00,Low
7125970,0,0.00,0.55,0.00,0.00,0.00,Low
7125970,0,0.00,0.55,0.00,0.00,0.00,Low
7125970,0,0.00,0.55,0.00,0.00,0.00,Low
7125970,0,0.00,0.55,0.00,0.00,0.00,Low
7125971,0,0.00,0.55,0.00,0.00,0.00,Low
7125971,0,0.00,0.55,0.00,0.00,0.00,Low
7125971,0,0.00,0.55,0.00,0.00,0.00,Low
7125971,0,0.00,0.55,0.00,0.00,0.00,Low
7125971,0,0.00,0.55,0.00,0.00,0.00,Low
7125971,0,0.00,0.55,0.00,0.00,0.00,Low
7125971,0,0.00,0.55,0.00,0.00,0.00,Low
7125971,0,0.00,0.55,0.00,0.00,0.00,Low
7125971,0,0.00,0.55,0.00,0.00,0.00,Low
7125971,0,0.00,0.55,0.00,0.00,0.00,Low
7125971,0,0.00,0.55,0.00,0.00,0.00,Low
7125971,0,0.00,0.56,0.00,0.00,0.00,Low
7125972,0,0.00,0.56,0.00,0.00,0.00,Low
7125972,0,0.00,0.56,0.00,0.00,0.00,Low
7125972,0,0.00,0.56,0.00,0.00,0.00,Low
7125972,0,0.00,0.56,0.00,0.00,0.00,Low
7125972,0,0.00,0.56,0.00,0.00,0.00,Low
7125972,0,0.00,0.56,0.00,0.00,0.00,Low
7125972,0,0.00,0.56,0.00,0.00,0.00,Low
7125972,0,0.00,0.56,0.00,0.00,0.00,Low
7125972,0,0.00,0.56,0.00,0.00,0.00,Low
7125972,0,0.00,0.56,0.00,0.00,0.00,Low
7125972,0,0.00,0.56,0.00,0.00,0.00,Low
7125972,0,0.00,0.56,0.00,0.00,0.00,Low
7125972,0,0.00,0.56,0.00,0.00,0.00,Low
7125972,0,0.00,0.56,0.00,0.00,0.00,Low
7125973,0,0.00,0.56,0.00,0.00,0.00,Low
7125973,0,0.00,0.56,0.00,0.00,0.00,Low
7125973,0,0.00,0.56,0.00,0.00,0.00,Low
7125973,0,0.00,0.56,0.00,0.00,0.00,Low
7125974,0,0.00,0.56,0.00,0.00,0.00,Low
7125974,0,0.00,0.56,0.00,0.00,0.00,Low
7125974,0,0.00,0.56,0.00,0.00,0.00,Low
7125974,0,0.00,0.56,0.00,0.00,0.00,Low
7125974,0,0.00,0.56,0.00,0.00,0.00,Low
7125974,0,0.00,0.56,0.00,0.00,0.00,Low
7125974,0,0.00,0.56,0.00,0.00,0.00,Low
7125974,0,0.00,0.56,0.00,0.00,0.00,Low
7125974,0,0.00,0.56,0.00,0.00,0.00,Low
7125974,0,0.00,0.56,0.00,0.00,0.00,Low
7125974,0,0.00,0.56,0.00,0.00,0.00,Low
7125974,0,0.00,0.56,0.00,0.00,0.00,Low
7125974,0,0.00,0.56,0.00,0.00,0.00,Low
7125975,0,0.00,0.56,0.00,0.00,0.00,Low
7125975,0,0.00,0.56,0.00,0.00,0.00,Low
7125975,0,0.00,0.56,0.00,0.00,0.00,Low
7125975,0,0.00,0.56,0.00,0.00,0.00,Low
7125975,0,0.00,0.56,0.00,0.00,0.00,Low
7125975,0,0.00,0.57,0.00,0.00,0.00,Low
7125975,0,0.00,0.57,0.00,0.00,0.00,Low
7125975,0,0.00,0.57,0.00,0.00,0.00,Low
7125975,0,0.00,0.57,0.00,0.00,0.00,Low
7125976,0,0.00,0.57,0.00,0.00,0.00,Low
7125976,0,0.00,0.57,0.00,0.00,0.00,Low
7125977,0,0.00,0.57,0.00,0.00,0.00,Low
7125977,0,0.00,0.57,0.00,0.00,0.00,Low
7125977,0,0.00,0.57,0.00,0.00,0.00,Low
7125977,0,0.00,0.57,0.00,0.00,0.00,Low
7125977,0,0.00,0.57,0.00,0.00,0.00,Low
7125978,0,0.00,0.57,0.00,0.00,0.00,Low
7125978,0,0.00,0.57,0.00,0.00,0.00,Low
7125978,0,0.00,0.57,0.00,0.00,0.00,Low
7125978,0,0.00,0.57,0.00,0.00,0.00,Low
7125979,0,0.00,0.57,0.00,0.00,0.00,Low
7125979,0,0.00,0.57,0.00,0.00,0.00,Low
7125979,0,0.00,0.57,0.00,0.00,0.00,Low
7125979,0,0.00,0.57,0.00,0.00,0.00,Low
7125979,0,0.00,0.57,0.00,0.00,0.00,Low
7125979,0,0.00,0.57,0.00,0.00,0.00,Low
7125979,0,0.00,0.57,0.00,0.00,0.00,Low
7125980,0,0.00,0.57,0.00,0.00,0.00,Low
7125980,0,0.00,0.57,0.00,0.00,0.00,Low
7125980,0,0.00,0.57,0.00,0.00,0.00,Low
7125980,0,0.00,0.57,0.00,0.00,0.00,Low
7125980,0,0.00,0.57,0.00,0.00,0.00,Low
7125980,0,0.00,0.57,0.00,0.00,0.00,Low
7125980,0,0.00,0.57,0.00,0.00,0.00,Low
7125980,0,0.00,0.57,0.00,0.00,0.00,Low
7125980,0,0.00,0.57,0.00,0.00,0.00,Low
7125980,0,0.00,0.57,0.00,0.00,0.00,Low
7125980,0,0.00,0.57,0.00,0.00,0.00,Low
7125980,0,0.00,0.57,0.00,0.00,0.00,Low
7125981,0,0.00,0.57,0.00,0.00,0.00,Low
7125981,0,0.00,0.57,0.00,0.00,0.00,Low
7125981,0,0.00,0.57,0.00,0.00,0.00,Low
7125981,0,0.00,0.57,0.00,0.00,0.00,Low
7125982,0,0.00,0.58,0.00,0.00,0.00,Low
7125982,0,0.00,0.58,0.00,0.00,0.00,Low
7125982,0,0.00,0.58,0.00,0.00,0.00,Low
7125982,0,0.00,0.58,0.00,0.00,0.00,Low
7125982,0,0.00,0.58,0.00,0.00,0.00,Low
7125982,0,0.00,0.58,0.00,0.00,0.00,Low
7125982,0,0.00,0.58,0.00,0.00,0.00,Low
7125982,0,0.00,0.58,0.00,0.00,0.00,Low
7125982,0,0.00,0.58,0.00,0.00,0.00,Low
7125982,0,0.00,0.58,0.00,0.00,0.00,Low
7125982,0,0.00,0.58,0.00,0.00,0.00,Low
7125983,0,0.00,0.58,0.00,0.00,0.00,Low
7125983,0,0.00,0.58,0.00,0.00,0.00,Low
7125983,0,0.00,0.58,0.00,0.00,0.00,Low
7125983,0,0.00,0.58,0.00,0.00,0.00,Low
7125983,0,0.00,0.58,0.00,0.00,0.00,Low
7125984,0,0.00,0.58,0.00,0.00,0.00,Low
7125984,0,0.00,0.58,0.00,0.00,0.00,Low
7125984,0,0.00,0.58,0.00,0.00,0.00,Low
7125984,0,0.00,0.58,0.00,0.00,0.00,Low
7125984,0,0.00,0.58,0.00,0.00,0.00,Low
7125984,0,0.00,0.58,0.00,0.00,0.00,Low
7125984,0,0.00,0.58,0.00,0.00,0.00,Low
7125984,0,0.00,0.58,0.00,0.00,0.00,Low
7125984,0,0.00,0.58,0.00,0.00,0.00,Low
7125984,0,0.00,0.58,0.00,0.00,0.00,Low
7125985,0,0.00,0.58,0.00,0.00,0.00,Low
7125985,0,0.00,0.58,0.00,0.00,0.00,Low
7125985,0,0.00,0.58,0.00,0.00,0.00,Low
7125985,0,0.00,0.58,0.00,0.00,0.00,Low
7125985,0,0.00,0.58,0.00,0.00,0.00,Low
7125985,0,0.00,0.58,0.00,0.00,0.00,Low
7125985,0,0.00,0.58,0.00,0.00,0.00,Low
7125985,0,0.00,0.58,0.00,0.00,0.00,Low
7125985,0,0.00,0.58,0.00,0.00,0.00,Low
7125985,0,0.00,0.58,0.00,0.00,0.00,Low
7125985,0,0.00,0.58,0.00,0.00,0.00,Low
7125985,0,0.00,0.58,0.00,0.00,0.00,Low
7125985,0,0.00,0.59,0.00,0.00,0.00,Low
7125985,0,0.00,0.59,0.00,0.00,0.00,Low
7125985,0,0.00,0.59,0.00,0.00,0.00,Low
7125985,0,0.00,0.59,0.00,0.00,0.00,Low
7125986,0,0.00,0.59,0.00,0.00,0.00,Low
7125986,0,0.00,0.59,0.00,0.00,0.00,Low
7125986,0,0.00,0.59,0.00,0.00,0.00,Low
7125986,0,0.00,0.59,0.00,0.00,0.00,Low
7125986,0,0.00,0.59,0.00,0.00,0.00,Low
7125986,0,0.00,0.59,0.00,0.00,0.00,Low
7125986,0,0.00,0.59,0.00,0.00,0.00,Low
7125986,0,0.00,0.59,0.00,0.00,0.00,Low
7125986,0,0.00,0.59,0.00,0.00,0.00,Low
7125986,0,0.00,0.59,0.00,0.00,0.00,Low
7125986,0,0.00,0.59,0.00,0.00,0.00,Low
7125986,0,0.00,0.59,0.00,0.00,0.00,Low
7125986,0,0.00,0.59,0.00,0.00,0.00,Low
7125986,0,0.00,0.59,0.00,0.00,0.00,Low
7125986,0,0.00,0.59,0.00,0.00,0.00,Low
7125986,0,0.00,0.59,0.00,0.00,0.00,Low
7125986,0,0.00,0.59,0.00,0.00,0.00,Low
7125986,0,0.00,0.59,0.00,0.00,0.00,Low
7125986,0,0.00,0.59,0.00,0.00,0.00,Low
7125986,0,0.00,0.59,0.00,0.00,0.00,Low
7125986,0,0.00,0.59,0.00,0.00,0.00,Low
7125986,0,0.00,0.59,0.00,0.00,0.00,Low
7125986,0,0.00,0.59,0.00,0.00,0.00,Low
7125986,0,0.00,0.59,0.00,0.00,0.00,Low
7125986,0,0.00,0.59,0.00,0.00,0.00,Low
7125986,0,0.00,0.59,0.00,0.00,0.00,Low
7125986,0,0.00,0.59,0.00,0.00,0.00,Low
7125986,0,0.00,0.59,0.00,0.00,0.00,Low
7125987,0,0.00,0.59,0.00,0.00,0.00,Low
7125987,0,0.00,0.59,0.00,0.00,0.00,Low
7125987,0,0.00,0.59,0.00,0.00,0.00,Low
7125987,0,0.00,0.59,0.00,0.00,0.00,Low
7125987,0,0.00,0.59,0.00,0.00,0.00,Low
7125987,0,0.00,0.59,0.00,0.00,0.00,Low
7125987,0,0.00,0.60,0.00,0.00,0.00,Low
7125987,0,0.00,0.60,0.00,0.00,0.00,Low
7125987,0,0.00,0.60,0.00,0.00,0.00,Low
7125987,0,0.00,0.60,0.00,0.00,0.00,Low
7125987,0,0.00,0.60,0.00,0.00,0.00,Low
7125987,0,0.00,0.60,0.00,0.00,0.00,Low
7125987,0,0.00,0.60,0.00,0.00,0.00,Low
7125987,0,0.00,0.60,0.00,0.00,0.00,Low
7125987,0,0.00,0.60,0.00,0.00,0.00,Low
7125987,0,0.00,0.60,0.00,0.00,0.00,Low
7125988,0,0.00,0.60,0.00,0.00,0.00,Low
7125988,0,0.00,0.60,0.00,0.00,0.00,Low
7125988,0,0.00,0.60,0.00,0.00,0.00,Low
7125988,0,0.00,0.60,0.00,0.00,0.00,Low
7125988,0,0.00,0.60,0.00,0.00,0.00,Low
7125988,0,0.00,0.60,0.00,0.00,0.00,Low
7125988,0,0.00,0.60,0.00,0.00,0.00,Low
7125988,0,0.00,0.60,0.00,0.00,0.00,Low
7125988,0,0.00,0.60,0.00,0.00,0.00,Low
7125988,0,0.00,0.60,0.00,0.00,0.00,Low
7125988,0,0.00,0.60,0.00,0.00,0.00,Low
7125988,0,0.00,0.60,0.00,0.00,0.00,Low
7125988,0,0.00,0.60,0.00,0.00,0.00,Low
7125989,0,0.00,0.60,0.00,0.00,0.00,Low
7125989,0,0.00,0.60,0.00,0.00,0.00,Low
7125989,0,0.00,0.60,0.00,0.00,0.00,Low
7125989,0,0.00,0.60,0.00,0.00,0.00,Low
7125989,0,0.00,0.60,0.00,0.00,0.00,Low
7125989,0,0.00,0.60,0.00,0.00,0.00,Low
7125989,0,0.00,0.60,0.00,0.00,0.00,Low
7125989,0,0.00,0.60,0.00,0.00,0.00,Low
7125989,0,0.00,0.60,0.00,0.00,0.00,Low
7125989,0,0.00,0.60,0.00,0.00,0.00,Low
7125989,0,0.00,0.60,0.00,0.00,0.00,Low
7125989,0,0.00,0.60,0.00,0.00,0.00,Low
7125990,0,0.00,0.60,0.00,0.00,0.00,Low
7125990,0,0.00,0.60,0.00,0.00,0.00,Low
7125990,0,0.00,0.61,0.00,0.00,0.00,Low
7125990,0,0.00,0.61,0.00,0.00,0.00,Low
7125990,0,0.00,0.61,0.00,0.00,0.00,Low
7125990,0,0.00,0.61,0.00,0.00,0.00,Low
7125990,0,0.00,0.61,0.00,0.00,0.00,Low
7125990,0,0.00,0.61,0.00,0.00,0.00,Low
7125990,0,0.00,0.61,0.00,0.00,0.00,Low
7125990,0,0.00,0.61,0.00,0.00,0.00,Low
7125990,0,0.00,0.61,0.00,0.00,0.00,Low
7125990,0,0.00,0.61,0.00,0.00,0.00,Low
7125990,0,0.00,0.61,0.00,0.00,0.00,Low
7125990,0,0.00,0.61,0.00,0.00,0.00,Low
7125991,0,0.00,0.61,0.00,0.00,0.00,Low
7125991,0,0.00,0.61,0.00,0.00,0.00,Low
7125991,0,0.00,0.61,0.00,0.00,0.00,Low
7125991,0,0.00,0.61,0.00,0.00,0.00,Low
7125991,0,0.00,0.61,0.00,0.00,0.00,Low
7125991,0,0.00,0.61,0.00,0.00,0.00,Low
7125991,0,0.00,0.61,0.00,0.00,0.00,Low
7125991,0,0.00,0.61,0.00,0.00,0.00,Low
7125991,0,0.00,0.61,0.00,0.00,0.00,Low
7125991,0,0.00,0.61,0.00,0.00,0.00,Low
7125991,0,0.00,0.61,0.00,0.00,0.00,Low
7125991,0,0.00,0.61,0.00,0.00,0.00,Low
7125991,0,0.00,0.61,0.00,0.00,0.00,Low
7125991,0,0.00,0.61,0.00,0.00,0.00,Low
7125991,0,0.00,0.61,0.00,0.00,0.00,Low
7125991,0,0.00,0.61,0.00,0.00,0.00,Low
7125991,0,0.00,0.61,0.00,0.00,0.00,Low
7126271,1,0.00,0.61,0.00,2.00,0.20,Low
7131271,12,0.00,0.63,108.75,0.00,2.40,Low
7136270,13,0.00,0.64,92.92,2.00,2.60,Low
7141271,12,0.00,0.65,109.08,0.00,2.40,Low
7146270,13,0.00,0.66,92.92,2.00,2.60,Low
7151271,12,0.00,0.68,109.17,0.00,2.40,Low
7156271,4,0.00,0.68,101.00,0.00,0.80,Low
7161270,154,0.00,0.83,97.16,10.00,30.80,High
7166269,241,0.00,1.03,100.70,10.00,48.20,High
7171270,237,0.00,1.25,100.73,10.00,47.40,High
7176271,235,0.00,1.45,100.79,10.00,47.00,High
7181270,236,0.00,1.67,101.30,8.00,47.20,High
7186270,237,0.00,1.87,100.43,10.00,47.40,High
7191270,236,0.00,2.10,101.26,8.00,47.20,High
7196270,237,0.00,2.29,100.45,10.00,47.40,High
7201270,239,0.00,2.53,100.56,10.00,47.80,High
7206271,240,0.00,2.72,100.58,10.00,48.00,High
7211270,238,0.00,2.94,100.84,10.00,47.60,High
7216271,237,0.00,3.14,100.82,10.00,47.40,High
7221270,120,0.00,3.24,104.13,2.00,24.00,High
7226271,49,0.00,3.28,101.67,2.00,9.80,Low
7231270,50,0.00,3.32,100.74,2.00,10.00,Low
7236270,50,0.00,3.39,100.80,2.00,10.00,Low
7241270,49,0.00,3.43,100.69,2.00,9.80,Low
7246270,50,0.00,3.48,100.70,2.00,10.00,Low
7251270,50,0.00,3.51,100.74,2.00,10.00,Low
7256270,50,0.00,3.56,100.78,2.00,10.00,Low
7261270,49,0.00,3.60,100.61,2.00,9.80,Low
7266270,50,0.00,3.64,100.66,2.00,10.00,Low
7271271,50,0.00,3.68,100.78,2.00,10.00,Low
7276270,49,0.00,3.72,100.61,2.00,9.80,Low
7281271,30,0.00,3.75,100.83,2.00,6.00,Low
7286270,16,0.00,3.77,106.75,0.00,3.20,Low
7291270,17,0.00,3.78,100.53,0.00,3.40,Low
7296270,17,0.00,0.12,95.47,2.00,3.40,Low
7301271,16,0.00,0.14,107.13,0.00,3.20,Low
7306270,17,0.00,0.16,100.65,0.00,3.40,Low
7311269,14,0.00,0.18,100.64,0.00,2.80,Low
7316270,13,0.00,0.19,93.08,2.00,2.60,Low
7321270,12,0.00,0.20,108.75,0.00,2.40,Low
7326270,13,0.00,0.21,92.92,2.00,2.60,Low
7331271,12,0.00,0.22,109.08,0.00,2.40,Low
7336270,12,0.00,0.23,100.75,0.00,2.40,Low
7341270,5,0.00,0.23,100.40,0.00,1.00,Low
7346271,8,0.00,0.24,101.38,0.00,1.60,Low
7351271,12,0.00,0.25,100.83,0.00,2.40,Low
7356270,13,0.00,0.26,100.77,0.00,2.60,Low
7361271,12,0.00,0.27,100.67,0.00,2.40,Low
7366270,13,0.00,0.28,100.85,0.00,2.60,Low
7371271,12,0.00,0.29,100.67,0.00,2.40,Low
7376270,35,0.00,0.32,97.94,2.00,7.00,Low
7381271,50,0.00,0.36,100.58,2.00,10.00,Low
7386271,49,0.00,0.40,100.57,2.00,9.80,Low
7391270,50,0.00,0.45,100.60,2.00,10.00,Low
7396270,50,0.00,0.49,100.62,2.00,10.00,Low
7401270,50,0.00,0.55,100.56,2.00,10.00,Low
7406270,49,0.00,0.60,100.59,2.00,9.80,Low
7411270,50,0.00,0.64,100.68,2.00,10.00,Low
7416270,50,0.00,0.68,100.62,2.00,10.00,Low
7421270,50,0.00,0.72,100.64,2.00,10.00,Low
7426270,49,0.00,0.77,100.65,2.00,9.80,Low
7431271,50,0.00,0.80,100.60,2.00,10.00,Low
7436270,159,0.00,0.96,98.02,10.00,31.80,High
7441270,241,0.00,1.17,100.49,10.00,48.20,High
7446270,241,0.00,1.39,100.41,10.00,48.20,High
7451270,241,0.00,1.59,100.55,10.00,48.20,High
7456270,242,0.00,1.81,100.54,10.00,48.40,High
7461270,241,0.00,2.02,100.91,8.00,48.20,High
7466270,241,0.00,2.24,100.06,10.00,48.20,High
7471271,241,0.00,2.45,100.89,8.00,48.20,High
7476271,242,0.00,2.67,100.01,10.00,48.40,High
7481273,241,0.00,2.88,100.57,10.00,48.20,High
7486270,241,0.00,3.09,101.00,8.00,48.20,High
7491270,242,0.00,3.31,100.11,10.00,48.40,High
7496270,113,0.00,3.41,104.88,0.00,22.60,High
7501271,17,0.00,3.42,94.47,2.00,3.40,Low
7506271,16,0.00,3.44,107.19,0.00,3.20,Low
7511270,17,0.00,3.45,100.41,0.00,3.40,Low
7516270,17,0.00,3.47,94.88,2.00,3.40,Low
7521271,16,0.00,3.49,107.06,0.00,3.20,Low
7526269,7,0.00,3.49,100.71,0.00,1.40,Low
7531270,7,0.00,3.50,100.86,0.00,1.40,Low
7536271,13,0.00,3.51,100.46,0.00,2.60,Low
7541270,12,0.00,3.51,100.75,0.00,2.40,Low
7546270,13,0.00,3.53,100.62,0.00,2.60,Low
7551270,12,0.00,3.54,100.83,0.00,2.40,Low
7556270,13,0.00,3.55,100.54,0.00,2.60,Low
7561271,132,0.00,3.67,98.73,10.00,26.40,High
7566270,241,0.00,0.23,100.66,10.00,48.20,High
7571270,240,0.00,0.42,100.62,10.00,48.00,High
7576271,242,0.00,0.66,100.52,10.00,48.40,High
7581270,241,0.00,0.85,100.48,10.00,48.20,High
7586270,241,0.00,1.08,100.47,10.00,48.20,High
7591270,241,0.00,1.28,100.45,10.00,48.20,High
7596270,241,0.00,1.51,100.87,8.00,48.20,High
7601270,242,0.00,1.71,100.07,10.00,48.40,High
7606271,241,0.00,1.94,100.85,8.00,48.20,High
7611270,242,0.00,2.14,100.16,10.00,48.40,High
7616271,241,0.00,2.37,100.56,10.00,48.20,High
7621270,137,0.00,2.48,103.42,2.00,27.40,High
7626270,49,0.00,2.52,100.63,2.00,9.80,Low
7631270,50,0.00,2.57,100.56,2.00,10.00,Low
7636270,50,0.00,2.61,100.58,2.00,10.00,Low
7641270,50,0.00,2.65,100.68,2.00,10.00,Low
7646270,49,0.00,2.69,100.65,2.00,9.80,Low
7651270,50,0.00,2.74,100.58,2.00,10.00,Low
7656271,50,0.00,2.80,100.56,2.00,10.00,Low
7661270,50,0.00,2.84,100.66,2.00,10.00,Low
7666270,49,0.00,2.88,100.47,2.00,9.80,Low
7671270,50,0.00,2.92,100.62,2.00,10.00,Low
7676270,50,0.00,2.97,100.74,2.00,10.00,Low
7681270,32,0.00,2.99,100.59,2.00,6.40,Low
7686270,16,0.00,3.01,106.69,0.00,3.20,Low
7691270,17,0.00,3.02,94.76,2.00,3.40,Low
7696270,16,0.00,3.04,106.88,0.00,3.20,Low
7701270,17,0.00,3.05,100.65,0.00,3.40,Low
7706271,17,0.00,3.07,94.71,2.00,3.40,Low
7711271,7,0.00,3.07,114.71,0.00,1.40,Low
7716270,130,0.00,3.19,96.63,10.00,26.00,High
7721270,241,0.00,3.41,100.53,10.00,48.20,High
7726271,242,0.00,3.61,100.57,10.00,48.40,High
7731270,241,0.00,0.17,100.50,10.00,48.20,High
7736270,240,0.00,0.37,100.64,10.00,48.00,High
7741270,242,0.00,0.61,100.59,10.00,48.40,High
7746271,241,0.00,0.80,100.59,10.00,48.20,High
7751270,242,0.00,1.03,100.60,10.00,48.40,High
7756270,241,0.00,1.23,100.50,10.00,48.20,High
7761270,242,0.00,1.46,100.52,10.00,48.40,High
7766270,241,0.00,1.66,100.53,10.00,48.20,High
7771270,242,0.00,1.88,100.50,10.00,48.40,High
7776270,139,0.00,2.01,103.42,2.00,27.80,High
7781270,50,0.00,2.05,100.58,2.00,10.00,Low
7786270,50,0.00,2.09,100.58,2.00,10.00,Low
7791270,49,0.00,2.13,100.57,2.00,9.80,Low
7796271,50,0.00,2.17,100.60,2.00,10.00,Low
7801271,50,0.00,2.21,100.84,2.00,10.00,Low
7806270,50,0.00,2.26,100.68,2.00,10.00,Low
7811270,49,0.00,2.31,100.57,2.00,9.80,Low
7816271,50,0.00,2.36,100.52,2.00,10.00,Low
7821270,50,0.00,2.41,100.52,2.00,10.00,Low
7826271,50,0.00,2.45,100.60,2.00,10.00,Low
7831271,47,0.00,2.49,105.72,2.00,9.40,Low
7836271,30,0.00,2.51,103.93,0.00,6.00,Low
7841270,13,0.00,2.53,92.77,2.00,2.60,Low
7846270,12,0.00,2.54,108.67,0.00,2.40,Low
7851271,13,0.00,2.55,93.00,2.00,2.60,Low
7856270,12,0.00,2.56,108.83,0.00,2.40,Low
7861271,13,0.00,2.57,92.92,2.00,2.60,Low
7866271,14,0.00,2.58,108.07,0.00,2.80,Low
7871270,17,0.00,2.60,94.71,2.00,3.40,Low
7876271,16,0.00,2.61,107.00,0.00,3.20,Low
7881270,17,0.00,2.62,100.94,0.00,3.40,Low
7886270,17,0.00,2.64,94.59,2.00,3.40,Low
7891270,16,0.00,2.65,106.94,0.00,3.20,Low
7896271,8,0.00,2.66,100.75,0.00,1.60,Low
7901270,26,0.00,2.68,96.65,2.00,5.20,Low
7906270,50,0.00,2.72,100.50,2.00,10.00,Low
7911270,49,0.00,2.78,100.39,2.00,9.80,Low
7916270,50,0.00,2.83,100.70,2.00,10.00,Low
7921270,50,0.00,2.87,100.50,2.00,10.00,Low
7926270,50,0.00,2.91,100.48,2.00,10.00,Low
7931270,49,0.00,2.95,100.76,2.00,9.80,Low
7936270,50,0.00,3.00,100.68,2.00,10.00,Low
7941270,50,0.00,3.04,100.42,2.00,10.00,Low
7946270,50,0.00,3.08,100.64,2.00,10.00,Low
7951271,49,0.00,3.12,100.57,2.00,9.80,Low
7956270,50,0.00,3.17,100.76,2.00,10.00,Low
7961270,33,0.00,3.20,103.79,0.00,6.60,Low
7966270,17,0.00,3.22,94.94,2.00,3.40,Low
7971270,16,0.00,3.24,107.19,0.00,3.20,Low
7976270,17,0.00,3.25,100.65,0.00,3.40,Low
7981271,17,0.00,3.27,94.59,2.00,3.40,Low
7986270,16,0.00,3.29,107.25,0.00,3.20,Low
7991271,15,0.00,3.30,94.07,2.00,3.00,Low
7996270,12,0.00,3.31,109.00,0.00,2.40,Low
8001271,13,0.00,3.32,92.92,2.00,2.60,Low
8006270,12,0.00,3.33,109.42,0.00,2.40,Low
8011271,13,0.00,3.34,92.85,2.00,2.60,Low
8016270,12,0.00,3.35,109.33,0.00,2.40,Low
8021270,125,0.00,3.46,97.23,10.00,25.00,High
8026270,242,0.00,3.68,100.07,10.00,48.40,High
8031271,242,0.00,0.23,100.53,10.00,48.40,High
8036270,242,0.00,0.43,100.59,10.00,48.40,High
8041270,241,0.00,0.65,100.44,10.00,48.20,High
8046271,242,0.00,0.86,100.48,10.00,48.40,High
8051271,241,0.00,1.09,100.59,10.00,48.20,High
8056270,241,0.00,1.28,100.50,10.00,48.20,High
8061270,242,0.00,1.52,100.48,10.00,48.40,High
8066269,241,0.00,1.71,100.44,10.00,48.20,High
8071270,242,0.00,1.94,100.42,10.00,48.40,High
8076271,241,0.00,2.15,100.42,10.00,48.20,High
8081270,122,0.00,2.25,104.70,0.00,24.40,High
8086270,119,0.00,2.37,96.35,10.00,23.80,High
8091271,242,0.00,2.57,100.56,10.00,48.40,High
8096271,241,0.00,2.80,100.53,10.00,48.20,High
8101270,242,0.00,3.01,100.51,10.00,48.40,High
8106270,241,0.00,3.23,100.46,10.00,48.20,High
8111270,241,0.00,3.43,101.01,8.00,48.20,High
8116270,242,0.00,3.65,100.10,10.00,48.40,High
8121271,229,0.00,0.19,104.10,10.00,45.80,High
8126270,241,0.00,0.39,100.54,10.00,48.20,High
8131270,242,0.00,0.62,100.52,10.00,48.40,High
8136270,241,0.00,0.82,100.49,10.00,48.20,High
8141270,242,0.00,1.05,100.52,10.00,48.40,High
8146270,147,0.00,1.17,103.34,2.00,29.40,High
8151271,50,0.00,1.21,100.48,2.00,10.00,Low
8156270,49,0.00,1.26,100.59,2.00,9.80,Low
8161271,50,0.00,1.29,100.54,2.00,10.00,Low
8166270,50,0.00,1.34,100.48,2.00,10.00,Low
8171270,50,0.00,1.38,100.66,2.00,10.00,Low
8176270,49,0.00,1.44,100.61,2.00,9.80,Low
8181270,50,0.00,1.49,100.58,2.00,10.00,Low
8186270,50,0.00,1.53,100.58,2.00,10.00,Low
8191270,50,0.00,1.57,100.60,2.00,10.00,Low
8196270,49,0.00,1.61,100.67,2.00,9.80,Low
8201271,50,0.00,1.66,100.44,2.00,10.00,Low
8206270,32,0.00,1.68,103.75,0.00,6.40,Low
8211271,13,0.00,1.69,100.46,0.00,2.60,Low
8216270,12,0.00,1.70,100.67,0.00,2.40,Low
8221270,13,0.00,1.72,100.69,0.00,2.60,Low
8226270,12,0.00,1.73,100.75,0.00,2.40,Low
8231271,13,0.00,1.74,100.69,0.00,2.60,Low
8236270,14,0.00,1.75,100.86,0.00,2.80,Low
8241270,17,0.00,1.76,100.47,0.00,3.40,Low
8246270,16,0.00,1.78,100.75,0.00,3.20,Low
8251270,17,0.00,1.79,100.35,0.00,3.40,Low
8256271,17,0.00,1.80,94.65,2.00,3.40,Low
8261270,16,0.00,1.82,106.69,0.00,3.20,Low
8266270,9,0.00,1.83,100.56,0.00,1.80,Low
8271270,6,0.00,1.83,100.50,0.00,1.20,Low
8276271,13,0.00,1.84,92.77,2.00,2.60,Low
8281270,12,0.00,1.86,108.83,0.00,2.40,Low
8286270,13,0.00,1.88,92.92,2.00,2.60,Low
8291270,12,0.00,1.89,108.58,0.00,2.40,Low
8296270,13,0.00,1.91,93.00,2.00,2.60,Low
8301270,114,0.00,2.01,97.18,10.00,22.80,High
8306270,242,0.00,2.21,100.45,10.00,48.40,High
8311270,241,0.00,2.44,100.49,10.00,48.20,High
8316271,241,0.00,2.64,100.46,10.00,48.20,High
8321270,242,0.00,2.87,100.59,10.00,48.40,High
8326270,241,0.00,3.07,100.93,8.00,48.20,High
8331270,242,0.00,3.29,100.11,10.00,48.40,High
8336270,241,0.00,3.50,100.64,10.00,48.20,High
8341270,241,0.00,3.73,100.45,10.00,48.20,High
8346271,241,0.00,0.26,100.50,10.00,48.20,High
8351272,241,0.00,0.46,100.67,10.00,48.20,High
8356271,241,0.00,0.69,100.52,10.00,48.20,High
8361270,156,0.00,0.82,103.17,2.00,31.20,High
8366270,50,0.00,0.86,98.58,4.00,10.00,Low
8371270,49,0.00,0.90,102.76,2.00,9.80,Low
8376271,50,0.00,0.94,100.76,2.00,10.00,Low
8381270,50,0.00,1.01,100.74,2.00,10.00,Low
8386270,49,0.00,1.06,100.61,2.00,9.80,Low
8391270,50,0.00,1.10,100.54,2.00,10.00,Low
8396270,50,0.00,1.14,100.60,2.00,10.00,Low
8401270,49,0.00,1.18,100.69,2.00,9.80,Low
8406270,50,0.00,1.22,100.72,2.00,10.00,Low
8411271,50,0.00,1.26,100.50,2.00,10.00,Low
8416271,50,0.00,1.31,100.78,2.00,10.00,Low
8421270,35,0.00,1.33,103.43,0.00,7.00,Low
8426271,17,0.00,1.35,94.71,2.00,3.40,Low
8431271,16,0.00,1.36,106.88,0.00,3.20,Low
8436271,17,0.00,1.38,94.94,2.00,3.40,Low
8441270,16,0.00,1.39,107.00,0.00,3.20,Low
8446271,17,0.00,1.41,100.41,0.00,3.40,Low
8451270,9,0.00,1.42,100.89,0.00,1.80,Low
8456270,8,0.00,1.44,88.00,2.00,1.60,Low
8461271,16,0.00,1.46,106.94,0.00,3.20,Low
8466270,17,0.00,1.47,100.53,0.00,3.40,Low
8471271,17,0.00,1.49,94.88,2.00,3.40,Low
8476270,16,0.00,1.50,106.81,0.00,3.20,Low
8481270,17,0.00,1.52,100.65,0.00,3.40,Low
8486270,111,0.00,1.61,96.94,8.00,22.20,High
8491270,242,0.00,1.81,100.07,10.00,48.40,High
8496271,241,0.00,2.04,100.59,10.00,48.20,High
8501270,241,0.00,2.24,100.48,10.00,48.20,High
8506270,242,0.00,2.47,100.51,10.00,48.40,High
8511270,241,0.00,2.67,100.80,8.00,48.20,High
8516270,242,0.00,2.90,100.12,10.00,48.40,High
8521270,242,0.00,3.10,100.54,10.00,48.40,High
8526270,241,0.00,3.33,100.51,10.00,48.20,High
8531271,241,0.00,3.53,100.55,10.00,48.20,High
8536270,242,0.00,3.76,100.45,10.00,48.40,High
8541271,240,0.00,0.30,100.55,10.00,48.00,High
8546270,161,0.00,0.43,102.99,2.00,32.20,High
8551271,50,0.00,0.47,100.54,2.00,10.00,Low
8556270,50,0.00,0.52,100.70,2.00,10.00,Low
8561270,50,0.00,0.61,100.50,2.00,10.00,Low
8566270,49,0.00,0.63,100.67,2.00,9.80,Low
8571270,50,0.00,0.67,100.50,2.00,10.00,Low
8576270,50,0.00,0.71,100.56,2.00,10.00,Low
8581270,50,0.00,0.75,100.50,2.00,10.00,Low
8586270,49,0.00,0.79,100.63,2.00,9.80,Low
8591270,50,0.00,0.83,100.70,2.00,10.00,Low
8596270,50,0.00,0.87,100.64,2.00,10.00,Low
8601270,50,0.00,0.92,100.46,2.00,10.00,Low
8606271,34,0.00,0.95,100.74,2.00,6.80,Low
8611270,12,0.00,0.96,108.83,0.00,2.40,Low
8616270,13,0.00,0.98,92.69,2.00,2.60,Low
8621270,12,0.00,0.99,108.75,0.00,2.40,Low
8626270,13,0.00,1.01,93.15,2.00,2.60,Low
8631270,12,0.00,1.02,109.17,0.00,2.40,Low
8636269,7,0.00,1.03,100.29,0.00,1.40,Low
8641271,100,0.00,1.12,95.54,10.00,20.00,Medium
8646270,241,0.00,1.31,100.51,10.00,48.20,High
8651271,240,0.00,1.54,100.65,10.00,48.00,High
8656270,242,0.00,1.74,100.59,10.00,48.40,High
8661270,241,0.00,1.97,100.47,10.00,48.20,High
8666271,242,0.00,2.17,100.56,10.00,48.40,High
8671270,230,0.00,2.39,101.82,10.00,46.00,High
8676270,230,0.00,2.58,104.93,10.00,46.00,High
8681270,241,0.00,2.81,100.69,10.00,48.20,High
8686271,237,0.00,3.01,100.68,10.00,47.40,High
8691271,236,0.00,3.23,100.79,10.00,47.20,High
9317512,157,0.00,3.37,15933.78,0.00,31.40,High
9317512,0,0.00,3.37,0.00,0.00,0.00,Low
9317512,0,0.00,3.37,0.00,0.00,0.00,Low
9317513,0,0.00,3.37,0.00,0.00,0.00,Low
9317513,0,0.00,3.37,0.00,0.00,0.00,Low
9317513,0,0.00,3.37,0.00,0.00,0.00,Low
9317513,0,0.00,3.37,0.00,0.00,0.00,Low
9317513,0,0.00,3.37,0.00,0.00,0.00,Low
9317513,0,0.00,3.37,0.00,0.00,0.00,Low
9317513,0,0.00,3.37,0.00,0.00,0.00,Low
9317513,0,0.00,3.37,0.00,0.00,0.00,Low
9317513,0,0.00,3.37,0.00,0.00,0.00,Low
9317513,0,0.00,3.37,0.00,0.00,0.00,Low
9317514,0,0.00,3.37,0.00,0.00,0.00,Low
9317514,0,0.00,3.37,0.00,0.00,0.00,Low
9317514,0,0.00,3.37,0.00,0.00,0.00,Low
9317514,0,0.00,3.37,0.00,0.00,0.00,Low
9317514,0,0.00,3.37,0.00,0.00,0.00,Low
9317514,0,0.00,3.37,0.00,0.00,0.00,Low
9317514,0,0.00,3.37,0.00,0.00,0.00,Low
9317514,0,0.00,3.37,0.00,0.00,0.00,Low
9317514,0,0.00,3.37,0.00,0.00,0.00,Low
9317514,0,0.00,3.37,0.00,0.00,0.00,Low
9317514,0,0.00,3.37,0.00,0.00,0.00,Low
9317514,0,0.00,3.37,0.00,0.00,0.00,Low
9317515,0,0.00,3.37,0.00,0.00,0.00,Low
9317515,0,0.00,3.37,0.00,0.00,0.00,Low
9317515,0,0.00,3.37,0.00,0.00,0.00,Low
9317515,0,0.00,3.37,0.00,0.00,0.00,Low
9317515,0,0.00,3.37,0.00,0.00,0.00,Low
9317515,0,0.00,3.37,0.00,0.00,0.00,Low
9317515,0,0.00,3.37,0.00,0.00,0.00,Low
9317515,0,0.00,3.37,0.00,0.00,0.00,Low
9317515,0,0.00,3.37,0.00,0.00,0.00,Low
9317515,0,0.00,3.37,0.00,0.00,0.00,Low
9317515,0,0.00,3.37,0.00,0.00,0.00,Low
9317515,0,0.00,3.37,0.00,0.00,0.00,Low
9317516,0,0.00,3.37,0.00,0.00,0.00,Low
9317516,0,0.00,3.37,0.00,0.00,0.00,Low
9317516,0,0.00,3.37,0.00,0.00,0.00,Low
9317516,0,0.00,3.38,0.00,0.00,0.00,Low
9317517,0,0.00,3.38,0.00,0.00,0.00,Low
9317517,0,0.00,3.38,0.00,0.00,0.00,Low
9317517,0,0.00,3.38,0.00,0.00,0.00,Low
9317517,0,0.00,3.38,0.00,0.00,0.00,Low
9317517,0,0.00,3.38,0.00,0.00,0.00,Low
9317517,0,0.00,3.38,0.00,0.00,0.00,Low
9317517,0,0.00,3.38,0.00,0.00,0.00,Low
9317517,0,0.00,3.38,0.00,0.00,0.00,Low
9317517,0,0.00,3.38,0.00,0.00,0.00,Low
9317517,0,0.00,3.38,0.00,0.00,0.00,Low
9317517,0,0.00,3.38,0.00,0.00,0.00,Low
9317518,0,0.00,3.38,0.00,0.00,0.00,Low
9317518,0,0.00,3.38,0.00,0.00,0.00,Low
9317518,0,0.00,3.38,0.00,0.00,0.00,Low
9317518,0,0.00,3.38,0.00,0.00,0.00,Low
9317518,0,0.00,3.38,0.00,0.00,0.00,Low
9317518,0,0.00,3.38,0.00,0.00,0.00,Low
9317518,0,0.00,3.38,0.00,0.00,0.00,Low
9317518,0,0.00,3.38,0.00,0.00,0.00,Low
9317518,0,0.00,3.38,0.00,0.00,0.00,Low
9317518,0,0.00,3.38,0.00,0.00,0.00,Low
9317518,0,0.00,3.38,0.00,0.00,0.00,Low
9317519,0,0.00,3.38,0.00,0.00,0.00,Low
9317519,0,0.00,3.38,0.00,0.00,0.00,Low
9317519,0,0.00,3.38,0.00,0.00,0.00,Low
9317519,0,0.00,3.38,0.00,0.00,0.00,Low
9317519,0,0.00,3.38,0.00,0.00,0.00,Low
9317519,0,0.00,3.38,0.00,0.00,0.00,Low
9317519,0,0.00,3.38,0.00,0.00,0.00,Low
9317519,0,0.00,3.38,0.00,0.00,0.00,Low
9317519,0,0.00,3.38,0.00,0.00,0.00,Low
9317519,0,0.00,3.38,0.00,0.00,0.00,Low
9317519,0,0.00,3.38,0.00,0.00,0.00,Low
9317519,0,0.00,3.38,0.00,0.00,0.00,Low
9317519,0,0.00,3.38,0.00,0.00,0.00,Low
9317519,0,0.00,3.38,0.00,0.00,0.00,Low
9317521,0,0.00,3.38,0.00,0.00,0.00,Low
9317521,0,0.00,3.38,0.00,0.00,0.00,Low
9317521,0,0.00,3.39,0.00,0.00,0.00,Low
9317521,0,0.00,3.39,0.00,0.00,0.00,Low
9317521,0,0.00,3.39,0.00,0.00,0.00,Low
9317521,0,0.00,3.39,0.00,0.00,0.00,Low
9317521,0,0.00,3.39,0.00,0.00,0.00,Low
9317521,0,0.00,3.39,0.00,0.00,0.00,Low
9317521,0,0.00,3.39,0.00,0.00,0.00,Low
9317521,0,0.00,3.39,0.00,0.00,0.00,Low
9317522,0,0.00,3.39,0.00,0.00,0.00,Low
9317522,0,0.00,3.39,0.00,0.00,0.00,Low
9317522,0,0.00,3.39,0.00,0.00,0.00,Low
9317522,0,0.00,3.39,0.00,0.00,0.00,Low
9317522,0,0.00,3.39,0.00,0.00,0.00,Low
9317522,0,0.00,3.39,0.00,0.00,0.00,Low
9317522,0,0.00,3.39,0.00,0.00,0.00,Low
9317522,0,0.00,3.39,0.00,0.00,0.00,Low
9317522,0,0.00,3.39,0.00,0.00,0.00,Low
9317522,0,0.00,3.39,0.00,0.00,0.00,Low
9317523,0,0.00,3.39,0.00,0.00,0.00,Low
9317523,0,0.00,3.39,0.00,0.00,0.00,Low
9317523,0,0.00,3.39,0.00,0.00,0.00,Low
9317523,0,0.00,3.39,0.00,0.00,0.00,Low
9317523,0,0.00,3.39,0.00,0.00,0.00,Low
9317523,0,0.00,3.39,0.00,0.00,0.00,Low
9317523,0,0.00,3.39,0.00,0.00,0.00,Low
9317523,0,0.00,3.39,0.00,0.00,0.00,Low
9317523,0,0.00,3.39,0.00,0.00,0.00,Low
9317523,0,0.00,3.39,0.00,0.00,0.00,Low
9317523,0,0.00,3.39,0.00,0.00,0.00,Low
9317523,0,0.00,3.39,0.00,0.00,0.00,Low
9317523,0,0.00,3.39,0.00,0.00,0.00,Low
9317523,0,0.00,3.39,0.00,0.00,0.00,Low
9317523,0,0.00,3.39,0.00,0.00,0.00,Low
9317523,0,0.00,3.39,0.00,0.00,0.00,Low
9317524,0,0.00,3.39,0.00,0.00,0.00,Low
9317524,0,0.00,3.39,0.00,0.00,0.00,Low
9317524,0,0.00,3.39,0.00,0.00,0.00,Low
9317524,0,0.00,3.39,0.00,0.00,0.00,Low
9317524,0,0.00,3.39,0.00,0.00,0.00,Low
9317524,0,0.00,3.39,0.00,0.00,0.00,Low
9317524,0,0.00,3.40,0.00,0.00,0.00,Low
9317524,0,0.00,3.40,0.00,0.00,0.00,Low
9317524,0,0.00,3.40,0.00,0.00,0.00,Low
9317525,0,0.00,3.40,0.00,0.00,0.00,Low
9317525,0,0.00,3.40,0.00,0.00,0.00,Low
9317525,0,0.00,3.40,0.00,0.00,0.00,Low
10607143,10,0.00,3.41,128677.40,2.00,2.00,Low
10607144,0,0.00,3.41,0.00,2.00,0.00,Low
10607144,0,0.00,3.41,0.00,2.00,0.00,Low
10607144,0,0.00,3.41,0.00,2.00,0.00,Low
10607144,0,0.00,3.41,0.00,2.00,0.00,Low
10607144,0,0.00,3.41,0.00,2.00,0.00,Low
10607144,0,0.00,3.41,0.00,2.00,0.00,Low
10607144,0,0.00,3.41,0.00,2.00,0.00,Low
10607144,0,0.00,3.41,0.00,2.00,0.00,Low
10607144,0,0.00,3.41,0.00,2.00,0.00,Low
10607144,0,0.00,3.41,0.00,2.00,0.00,Low
10607144,0,0.00,3.41,0.00,2.00,0.00,Low
10607144,0,0.00,3.41,0.00,2.00,0.00,Low
10607144,0,0.00,3.41,0.00,2.00,0.00,Low
10607144,0,0.00,3.41,0.00,2.00,0.00,Low
10607144,0,0.00,3.41,0.00,2.00,0.00,Low
10607144,0,0.00,3.41,0.00,2.00,0.00,Low
10607144,0,0.00,3.41,0.00,2.00,0.00,Low
10607144,0,0.00,3.41,0.00,2.00,0.00,Low
10607144,0,0.00,3.41,0.00,2.00,0.00,Low
10607144,0,0.00,3.41,0.00,2.00,0.00,Low
10607144,0,0.00,3.41,0.00,2.00,0.00,Low
10607144,0,0.00,3.41,0.00,2.00,0.00,Low
10607144,0,0.00,3.41,0.00,2.00,0.00,Low
10607144,0,0.00,3.41,0.00,2.00,0.00,Low
10607144,0,0.00,3.41,0.00,2.00,0.00,Low
10607144,0,0.00,3.41,0.00,2.00,0.00,Low
10607144,0,0.00,3.41,0.00,2.00,0.00,Low
10607144,0,0.00,3.41,0.00,2.00,0.00,Low
10607144,0,0.00,3.41,0.00,2.00,0.00,Low
10607144,0,0.00,3.41,0.00,2.00,0.00,Low
10607144,0,0.00,3.41,0.00,2.00,0.00,Low
10607144,0,0.00,3.41,0.00,2.00,0.00,Low
10607144,0,0.00,3.41,0.00,2.00,0.00,Low
10607144,0,0.00,3.41,0.00,2.00,0.00,Low
10607144,0,0.00,3.41,0.00,2.00,0.00,Low
10607144,0,0.00,3.41,0.00,2.00,0.00,Low
10607144,0,0.00,3.41,0.00,2.00,0.00,Low
10607144,0,0.00,3.42,0.00,2.00,0.00,Low
10607144,0,0.00,3.42,0.00,2.00,0.00,Low
10607144,0,0.00,3.42,0.00,2.00,0.00,Low
10607144,0,0.00,3.42,0.00,2.00,0.00,Low
10607144,0,0.00,3.42,0.00,2.00,0.00,Low
10607144,0,0.00,3.42,0.00,2.00,0.00,Low
10607144,0,0.00,3.42,0.00,2.00,0.00,Low
10607144,0,0.00,3.42,0.00,2.00,0.00,Low
10607144,0,0.00,3.42,0.00,2.00,0.00,Low
10607144,0,0.00,3.42,0.00,2.00,0.00,Low
10607144,0,0.00,3.42,0.00,2.00,0.00,Low
10607144,0,0.00,3.42,0.00,2.00,0.00,Low
10607145,0,0.00,3.42,0.00,2.00,0.00,Low
10607145,0,0.00,3.42,0.00,2.00,0.00,Low
10607145,0,0.00,3.42,0.00,2.00,0.00,Low
10607145,0,0.00,3.42,0.00,2.00,0.00,Low
10607145,0,0.00,3.42,0.00,2.00,0.00,Low
10607145,0,0.00,3.42,0.00,2.00,0.00,Low
10607145,0,0.00,3.42,0.00,2.00,0.00,Low
10607145,0,0.00,3.42,0.00,2.00,0.00,Low
10607145,0,0.00,3.42,0.00,2.00,0.00,Low
10607145,0,0.00,3.42,0.00,2.00,0.00,Low
10607224,0,0.00,3.42,0.00,2.00,0.00,Low
10607224,0,0.00,3.42,0.00,2.00,0.00,Low
10607224,0,0.00,3.42,0.00,2.00,0.00,Low
10607225,0,0.00,3.42,0.00,2.00,0.00,Low
10607225,0,0.00,3.42,0.00,2.00,0.00,Low
10607225,0,0.00,3.42,0.00,2.00,0.00,Low
10607225,0,0.00,3.42,0.00,2.00,0.00,Low
10607226,0,0.00,3.42,0.00,2.00,0.00,Low
10607226,0,0.00,3.42,0.00,2.00,0.00,Low
10607226,0,0.00,3.42,0.00,2.00,0.00,Low
10607227,0,0.00,3.42,0.00,2.00,0.00,Low
10607228,0,0.00,3.42,0.00,2.00,0.00,Low
10607228,0,0.00,3.42,0.00,2.00,0.00,Low
10607228,0,0.00,3.42,0.00,2.00,0.00,Low
10607228,0,0.00,3.42,0.00,2.00,0.00,Low
10607228,0,0.00,3.42,0.00,2.00,0.00,Low
10607228,0,0.00,3.42,0.00,2.00,0.00,Low
10607228,0,0.00,3.42,0.00,2.00,0.00,Low
10607228,0,0.00,3.43,0.00,2.00,0.00,Low
10607228,0,0.00,3.43,0.00,2.00,0.00,Low
10607228,0,0.00,3.43,0.00,2.00,0.00,Low
10607228,0,0.00,3.43,0.00,2.00,0.00,Low
10607228,0,0.00,3.43,0.00,2.00,0.00,Low
10607228,0,0.00,3.43,0.00,2.00,0.00,Low
10607228,0,0.00,3.43,0.00,2.00,0.00,Low
10607228,0,0.00,3.43,0.00,2.00,0.00,Low
10607228,0,0.00,3.43,0.00,2.00,0.00,Low
10607228,0,0.00,3.43,0.00,2.00,0.00,Low
10607228,0,0.00,3.43,0.00,2.00,0.00,Low
10607228,0,0.00,3.43,0.00,2.00,0.00,Low
10607228,0,0.00,3.43,0.00,2.00,0.00,Low
10607228,0,0.00,3.43,0.00,2.00,0.00,Low
10607228,0,0.00,3.43,0.00,2.00,0.00,Low
10607228,0,0.00,3.43,0.00,2.00,0.00,Low
10607228,0,0.00,3.43,0.00,2.00,0.00,Low
10607228,0,0.00,3.43,0.00,2.00,0.00,Low
10607228,0,0.00,3.43,0.00,2.00,0.00,Low
10607228,0,0.00,3.43,0.00,2.00,0.00,Low
10607228,0,0.00,3.43,0.00,2.00,0.00,Low
10607228,0,0.00,3.43,0.00,2.00,0.00,Low
10607228,0,0.00,3.43,0.00,2.00,0.00,Low
10607228,0,0.00,3.43,0.00,2.00,0.00,Low
10607228,0,0.00,3.43,0.00,2.00,0.00,Low
10607228,0,0.00,3.43,0.00,2.00,0.00,Low
10607229,0,0.00,3.43,0.00,2.00,0.00,Low
10607229,0,0.00,3.43,0.00,2.00,0.00,Low
10607229,0,0.00,3.43,0.00,2.00,0.00,Low
10607229,0,0.00,3.43,0.00,2.00,0.00,Low
10607229,0,0.00,3.43,0.00,2.00,0.00,Low
10607229,0,0.00,3.43,0.00,2.00,0.00,Low
10607229,0,0.00,3.43,0.00,2.00,0.00,Low
10607229,0,0.00,3.43,0.00,2.00,0.00,Low
10607229,0,0.00,3.43,0.00,2.00,0.00,Low
10607229,0,0.00,3.43,0.00,2.00,0.00,Low
10607229,0,0.00,3.43,0.00,2.00,0.00,Low
10607229,0,0.00,3.43,0.00,2.00,0.00,Low
10607229,0,0.00,3.43,0.00,2.00,0.00,Low
10607229,0,0.00,3.44,0.00,2.00,0.00,Low
10607229,0,0.00,3.44,0.00,2.00,0.00,Low
10607229,0,0.00,3.44,0.00,2.00,0.00,Low
10607229,0,0.00,3.44,0.00,2.00,0.00,Low
10607229,0,0.00,3.44,0.00,2.00,0.00,Low
10607229,0,0.00,3.44,0.00,2.00,0.00,Low
10607229,0,0.00,3.44,0.00,2.00,0.00,Low
10607229,0,0.00,3.44,0.00,2.00,0.00,Low
10607229,0,0.00,3.44,0.00,2.00,0.00,Low
10607229,0,0.00,3.44,0.00,2.00,0.00,Low
10607229,0,0.00,3.44,0.00,2.00,0.00,Low
10607230,0,0.00,3.44,0.00,2.00,0.00,Low
10607230,0,0.00,3.44,0.00,2.00,0.00,Low
10607230,0,0.00,3.44,0.00,2.00,0.00,Low
10607230,0,0.00,3.44,0.00,2.00,0.00,Low
10607230,0,0.00,3.44,0.00,2.00,0.00,Low
10607230,0,0.00,3.44,0.00,2.00,0.00,Low
10607230,0,0.00,3.44,0.00,2.00,0.00,Low
10607230,0,0.00,3.44,0.00,2.00,0.00,Low
10607230,0,0.00,3.44,0.00,2.00,0.00,Low
10607230,0,0.00,3.44,0.00,2.00,0.00,Low
10607230,0,0.00,3.44,0.00,2.00,0.00,Low
10607230,0,0.00,3.44,0.00,2.00,0.00,Low
10607230,0,0.00,3.44,0.00,2.00,0.00,Low
10607230,0,0.00,3.44,0.00,2.00,0.00,Low
10607230,0,0.00,3.44,0.00,2.00,0.00,Low
10607230,0,0.00,3.44,0.00,2.00,0.00,Low
10607230,0,0.00,3.44,0.00,2.00,0.00,Low
10607230,0,0.00,3.44,0.00,2.00,0.00,Low
10607231,0,0.00,3.44,0.00,2.00,0.00,Low
10607231,0,0.00,3.44,0.00,2.00,0.00,Low
10607231,0,0.00,3.44,0.00,2.00,0.00,Low
10607231,0,0.00,3.44,0.00,2.00,0.00,Low
10607231,0,0.00,3.44,0.00,2.00,0.00,Low
10607231,0,0.00,3.44,0.00,2.00,0.00,Low
10607231,0,0.00,3.44,0.00,2.00,0.00,Low
10607231,0,0.00,3.44,0.00,2.00,0.00,Low
10607231,0,0.00,3.44,0.00,2.00,0.00,Low
10607231,0,0.00,3.45,0.00,2.00,0.00,Low
10607231,0,0.00,3.45,0.00,2.00,0.00,Low
10607231,0,0.00,3.45,0.00,2.00,0.00,Low
10607231,0,0.00,3.45,0.00,2.00,0.00,Low
10607231,0,0.00,3.45,0.00,2.00,0.00,Low
10607231,0,0.00,3.45,0.00,2.00,0.00,Low
10607231,0,0.00,3.45,0.00,2.00,0.00,Low
10607231,0,0.00,3.45,0.00,2.00,0.00,Low
10607231,0,0.00,3.45,0.00,2.00,0.00,Low
10607231,0,0.00,3.45,0.00,2.00,0.00,Low
10607231,0,0.00,3.45,0.00,2.00,0.00,Low
10607231,0,0.00,3.45,0.00,2.00,0.00,Low
10607231,0,0.00,3.45,0.00,2.00,0.00,Low
10607231,0,0.00,3.45,0.00,2.00,0.00,Low
10607231,0,0.00,3.45,0.00,2.00,0.00,Low
10607231,0,0.00,3.45,0.00,2.00,0.00,Low
10607232,0,0.00,3.45,0.00,2.00,0.00,Low
10607232,0,0.00,3.45,0.00,2.00,0.00,Low
10607232,0,0.00,3.45,0.00,2.00,0.00,Low
10607232,0,0.00,3.45,0.00,2.00,0.00,Low
10607232,0,0.00,3.45,0.00,2.00,0.00,Low
10607232,0,0.00,3.45,0.00,2.00,0.00,Low
10607232,0,0.00,3.45,0.00,2.00,0.00,Low
10607232,0,0.00,3.45,0.00,2.00,0.00,Low
10607232,0,0.00,3.45,0.00,2.00,0.00,Low
10607232,0,0.00,3.45,0.00,2.00,0.00,Low
10607232,0,0.00,3.45,0.00,2.00,0.00,Low
10607232,0,0.00,3.45,0.00,2.00,0.00,Low
10607232,0,0.00,3.45,0.00,2.00,0.00,Low
10607232,0,0.00,3.45,0.00,2.00,0.00,Low
10607232,0,0.00,3.45,0.00,2.00,0.00,Low
10607232,0,0.00,3.45,0.00,2.00,0.00,Low
10607232,0,0.00,3.45,0.00,2.00,0.00,Low
10607232,0,0.00,3.45,0.00,2.00,0.00,Low
10607232,0,0.00,3.45,0.00,2.00,0.00,Low
10607232,0,0.00,3.45,0.00,2.00,0.00,Low
10607232,0,0.00,3.45,0.00,2.00,0.00,Low
10607232,0,0.00,3.45,0.00,2.00,0.00,Low
10607233,0,0.00,3.45,0.00,2.00,0.00,Low
10607233,0,0.00,3.45,0.00,2.00,0.00,Low
10607233,0,0.00,3.46,0.00,2.00,0.00,Low
10607233,0,0.00,3.46,0.00,2.00,0.00,Low
10607234,0,0.00,3.46,0.00,2.00,0.00,Low
10607234,0,0.00,3.46,0.00,2.00,0.00,Low
10607234,0,0.00,3.46,0.00,2.00,0.00,Low
10607234,0,0.00,3.46,0.00,2.00,0.00,Low
10607234,0,0.00,3.46,0.00,2.00,0.00,Low
10607234,0,0.00,3.46,0.00,2.00,0.00,Low
10607234,0,0.00,3.46,0.00,2.00,0.00,Low
10607234,0,0.00,3.46,0.00,2.00,0.00,Low
10607234,0,0.00,3.46,0.00,2.00,0.00,Low
10607234,0,0.00,3.46,0.00,2.00,0.00,Low
10607234,0,0.00,3.46,0.00,2.00,0.00,Low
10607234,0,0.00,3.46,0.00,2.00,0.00,Low
10607234,0,0.00,3.46,0.00,2.00,0.00,Low
10607234,0,0.00,3.46,0.00,2.00,0.00,Low
10607234,0,0.00,3.46,0.00,2.00,0.00,Low
10607235,0,0.00,3.46,0.00,2.00,0.00,Low
10607235,0,0.00,3.46,0.00,2.00,0.00,Low
10607235,0,0.00,3.46,0.00,2.00,0.00,Low
10607235,0,0.00,3.46,0.00,2.00,0.00,Low
10607235,0,0.00,3.46,0.00,2.00,0.00,Low
10607235,0,0.00,3.46,0.00,2.00,0.00,Low
10607235,0,0.00,3.46,0.00,2.00,0.00,Low
10607235,0,0.00,3.46,0.00,2.00,0.00,Low
10607235,0,0.00,3.46,0.00,2.00,0.00,Low
10607235,0,0.00,3.46,0.00,2.00,0.00,Low
10607235,0,0.00,3.46,0.00,2.00,0.00,Low
10607235,0,0.00,3.46,0.00,2.00,0.00,Low
10607235,0,0.00,3.46,0.00,2.00,0.00,Low
10607235,0,0.00,3.46,0.00,2.00,0.00,Low
10607235,0,0.00,3.46,0.00,2.00,0.00,Low
10607235,0,0.00,3.46,0.00,2.00,0.00,Low
10607235,0,0.00,3.46,0.00,2.00,0.00,Low
10607235,0,0.00,3.46,0.00,2.00,0.00,Low
10607235,0,0.00,3.46,0.00,2.00,0.00,Low
10607235,0,0.00,3.46,0.00,2.00,0.00,Low
10607235,0,0.00,3.46,0.00,2.00,0.00,Low
10607235,0,0.00,3.46,0.00,2.00,0.00,Low
10607235,0,0.00,3.47,0.00,2.00,0.00,Low
10607236,0,0.00,3.47,0.00,2.00,0.00,Low
10607236,0,0.00,3.47,0.00,2.00,0.00,Low
10607236,0,0.00,3.47,0.00,2.00,0.00,Low
10607236,0,0.00,3.47,0.00,2.00,0.00,Low
10607236,0,0.00,3.47,0.00,2.00,0.00,Low
10607236,0,0.00,3.47,0.00,2.00,0.00,Low
10607236,0,0.00,3.47,0.00,2.00,0.00,Low
10607236,0,0.00,3.47,0.00,2.00,0.00,Low
10607236,0,0.00,3.47,0.00,2.00,0.00,Low
10607236,0,0.00,3.47,0.00,2.00,0.00,Low
10607236,0,0.00,3.47,0.00,2.00,0.00,Low
10607236,0,0.00,3.47,0.00,2.00,0.00,Low
10607236,0,0.00,3.47,0.00,2.00,0.00,Low
10607236,0,0.00,3.47,0.00,2.00,0.00,Low
10607236,0,0.00,3.47,0.00,2.00,0.00,Low
10607236,0,0.00,3.47,0.00,2.00,0.00,Low
10607236,0,0.00,3.47,0.00,2.00,0.00,Low
10607236,0,0.00,3.47,0.00,2.00,0.00,Low
10607236,0,0.00,3.47,0.00,2.00,0.00,Low
10607236,0,0.00,3.47,0.00,2.00,0.00,Low
10607236,0,0.00,3.47,0.00,2.00,0.00,Low
10607236,0,0.00,3.47,0.00,2.00,0.00,Low
10607236,0,0.00,3.47,0.00,2.00,0.00,Low
10611270,40,0.00,3.50,103.65,2.00,8.00,Low
10616271,49,0.00,3.54,100.96,2.00,9.80,Low
10621270,50,0.00,3.58,100.56,2.00,10.00,Low
10626270,50,0.00,3.63,100.70,2.00,10.00,Low
